Capped GPU memory fraction to 0.80
train shards: 251, val shards: 13
train samples: 35,609,201, val samples: 2,090,714  (filter num_players=6, suit_permute=True)
model: 1.81M params
step    100 | lr 1.50e-05 | loss 2.1741 pol 2.1159 rf 0.5828 acc 20.2% | 8 it/s
step    200 | lr 3.00e-05 | loss 1.5523 pol 1.5041 rf 0.4818 acc 53.1% | 10 it/s
step    300 | lr 4.50e-05 | loss 1.2985 pol 1.2780 rf 0.2051 acc 65.6% | 11 it/s
step    400 | lr 6.00e-05 | loss 1.2404 pol 1.2286 rf 0.1180 acc 65.3% | 11 it/s
step    500 | lr 7.50e-05 | loss 1.1916 pol 1.1782 rf 0.1345 acc 69.0% | 11 it/s
step    600 | lr 9.00e-05 | loss 1.1882 pol 1.1815 rf 0.0677 acc 67.1% | 12 it/s
step    700 | lr 1.05e-04 | loss 1.1739 pol 1.1678 rf 0.0607 acc 67.3% | 12 it/s
step    800 | lr 1.20e-04 | loss 1.1349 pol 1.1280 rf 0.0687 acc 70.1% | 12 it/s
step    900 | lr 1.35e-04 | loss 1.1353 pol 1.1273 rf 0.0806 acc 69.3% | 12 it/s
step   1000 | lr 1.50e-04 | loss 1.1354 pol 1.1267 rf 0.0870 acc 68.9% | 12 it/s
step   1100 | lr 1.65e-04 | loss 1.1538 pol 1.1454 rf 0.0835 acc 68.2% | 12 it/s
step   1200 | lr 1.80e-04 | loss 1.1547 pol 1.1469 rf 0.0782 acc 68.1% | 12 it/s
step   1300 | lr 1.95e-04 | loss 1.1345 pol 1.1262 rf 0.0828 acc 68.3% | 12 it/s
step   1400 | lr 2.10e-04 | loss 1.1271 pol 1.1172 rf 0.0988 acc 70.2% | 12 it/s
step   1500 | lr 2.25e-04 | loss 1.1449 pol 1.1387 rf 0.0625 acc 68.1% | 12 it/s
step   1600 | lr 2.40e-04 | loss 1.1434 pol 1.1377 rf 0.0572 acc 67.9% | 12 it/s
step   1700 | lr 2.55e-04 | loss 1.1403 pol 1.1324 rf 0.0790 acc 69.1% | 12 it/s
step   1800 | lr 2.70e-04 | loss 1.1328 pol 1.1241 rf 0.0867 acc 69.6% | 12 it/s
step   1900 | lr 2.85e-04 | loss 1.1246 pol 1.1159 rf 0.0869 acc 69.5% | 12 it/s
step   2000 | lr 3.00e-04 | loss 1.1198 pol 1.1117 rf 0.0807 acc 69.5% | 12 it/s
[eval] step 2000 val_loss 1.1507 val_acc 69.8%
  -> saved best (1.1507)
step   2100 | lr 3.00e-04 | loss 1.1301 pol 1.1224 rf 0.0773 acc 68.3% | 12 it/s
step   2200 | lr 3.00e-04 | loss 1.1185 pol 1.1105 rf 0.0791 acc 69.1% | 12 it/s
step   2300 | lr 3.00e-04 | loss 1.1168 pol 1.1084 rf 0.0833 acc 69.3% | 12 it/s
step   2400 | lr 3.00e-04 | loss 1.1216 pol 1.1136 rf 0.0802 acc 68.5% | 12 it/s
step   2500 | lr 3.00e-04 | loss 1.1143 pol 1.1076 rf 0.0675 acc 69.8% | 12 it/s
step   2600 | lr 3.00e-04 | loss 1.1139 pol 1.1061 rf 0.0782 acc 68.9% | 12 it/s
step   2700 | lr 3.00e-04 | loss 1.1167 pol 1.1074 rf 0.0925 acc 70.0% | 12 it/s
step   2800 | lr 3.00e-04 | loss 1.1184 pol 1.1100 rf 0.0841 acc 69.2% | 12 it/s
step   2900 | lr 3.00e-04 | loss 1.1122 pol 1.1045 rf 0.0772 acc 68.8% | 12 it/s
step   3000 | lr 3.00e-04 | loss 1.1101 pol 1.1021 rf 0.0799 acc 69.5% | 12 it/s
step   3100 | lr 3.00e-04 | loss 1.1038 pol 1.0971 rf 0.0664 acc 70.5% | 12 it/s
step   3200 | lr 3.00e-04 | loss 1.1063 pol 1.0995 rf 0.0682 acc 70.4% | 12 it/s
step   3300 | lr 3.00e-04 | loss 1.1007 pol 1.0930 rf 0.0777 acc 70.8% | 13 it/s
step   3400 | lr 3.00e-04 | loss 1.1098 pol 1.1031 rf 0.0670 acc 70.3% | 13 it/s
step   3500 | lr 3.00e-04 | loss 1.1003 pol 1.0938 rf 0.0645 acc 70.6% | 13 it/s
step   3600 | lr 3.00e-04 | loss 1.1149 pol 1.1069 rf 0.0806 acc 69.6% | 13 it/s
step   3700 | lr 3.00e-04 | loss 1.1147 pol 1.1064 rf 0.0830 acc 69.4% | 13 it/s
step   3800 | lr 3.00e-04 | loss 1.1088 pol 1.1007 rf 0.0808 acc 69.8% | 13 it/s
step   3900 | lr 3.00e-04 | loss 1.0928 pol 1.0870 rf 0.0584 acc 71.1% | 13 it/s
step   4000 | lr 3.00e-04 | loss 1.0870 pol 1.0816 rf 0.0537 acc 71.3% | 13 it/s
[eval] step 4000 val_loss 1.1078 val_acc 70.7%
  -> saved best (1.1078)
step   4100 | lr 3.00e-04 | loss 1.0925 pol 1.0829 rf 0.0965 acc 71.2% | 13 it/s
step   4200 | lr 3.00e-04 | loss 1.1167 pol 1.1084 rf 0.0834 acc 69.0% | 13 it/s
step   4300 | lr 3.00e-04 | loss 1.1121 pol 1.1052 rf 0.0685 acc 69.4% | 13 it/s
step   4400 | lr 3.00e-04 | loss 1.0863 pol 1.0810 rf 0.0533 acc 71.1% | 13 it/s
step   4500 | lr 3.00e-04 | loss 1.0908 pol 1.0853 rf 0.0550 acc 70.9% | 13 it/s
step   4600 | lr 3.00e-04 | loss 1.0923 pol 1.0863 rf 0.0605 acc 70.9% | 13 it/s
step   4700 | lr 3.00e-04 | loss 1.1026 pol 1.0953 rf 0.0733 acc 70.0% | 13 it/s
step   4800 | lr 3.00e-04 | loss 1.1113 pol 1.1041 rf 0.0715 acc 69.1% | 13 it/s
step   4900 | lr 3.00e-04 | loss 1.1243 pol 1.1171 rf 0.0719 acc 68.9% | 13 it/s
step   5000 | lr 3.00e-04 | loss 1.1150 pol 1.1075 rf 0.0755 acc 69.8% | 13 it/s
step   5100 | lr 2.99e-04 | loss 1.1128 pol 1.1049 rf 0.0788 acc 68.9% | 13 it/s
step   5200 | lr 2.99e-04 | loss 1.1034 pol 1.0963 rf 0.0703 acc 70.0% | 13 it/s
step   5300 | lr 2.99e-04 | loss 1.1024 pol 1.0945 rf 0.0784 acc 70.0% | 13 it/s
step   5400 | lr 2.99e-04 | loss 1.0993 pol 1.0913 rf 0.0799 acc 69.9% | 13 it/s
step   5500 | lr 2.99e-04 | loss 1.1179 pol 1.1096 rf 0.0829 acc 69.9% | 13 it/s
step   5600 | lr 2.99e-04 | loss 1.1120 pol 1.1033 rf 0.0875 acc 70.2% | 13 it/s
step   5700 | lr 2.99e-04 | loss 1.1058 pol 1.0970 rf 0.0880 acc 69.9% | 13 it/s
step   5800 | lr 2.99e-04 | loss 1.1102 pol 1.1021 rf 0.0803 acc 68.9% | 13 it/s
step   5900 | lr 2.99e-04 | loss 1.1171 pol 1.1089 rf 0.0822 acc 68.7% | 13 it/s
step   6000 | lr 2.99e-04 | loss 1.1072 pol 1.1002 rf 0.0702 acc 70.3% | 13 it/s
[eval] step 6000 val_loss 1.1137 val_acc 70.5%
step   6100 | lr 2.99e-04 | loss 1.0945 pol 1.0887 rf 0.0581 acc 70.8% | 13 it/s
step   6200 | lr 2.99e-04 | loss 1.1144 pol 1.1060 rf 0.0847 acc 69.2% | 13 it/s
step   6300 | lr 2.99e-04 | loss 1.1100 pol 1.1019 rf 0.0807 acc 69.5% | 13 it/s
step   6400 | lr 2.99e-04 | loss 1.1194 pol 1.1118 rf 0.0765 acc 68.4% | 13 it/s
step   6500 | lr 2.99e-04 | loss 1.1264 pol 1.1211 rf 0.0534 acc 68.4% | 13 it/s
step   6600 | lr 2.99e-04 | loss 1.1231 pol 1.1179 rf 0.0526 acc 68.6% | 13 it/s
step   6700 | lr 2.99e-04 | loss 1.1115 pol 1.1042 rf 0.0733 acc 70.1% | 13 it/s
step   6800 | lr 2.99e-04 | loss 1.0951 pol 1.0889 rf 0.0621 acc 71.0% | 13 it/s
step   6900 | lr 2.99e-04 | loss 1.0939 pol 1.0876 rf 0.0638 acc 71.0% | 13 it/s
step   7000 | lr 2.99e-04 | loss 1.1105 pol 1.1030 rf 0.0753 acc 68.8% | 13 it/s
step   7100 | lr 2.99e-04 | loss 1.1027 pol 1.0948 rf 0.0793 acc 69.7% | 13 it/s
step   7200 | lr 2.99e-04 | loss 1.0976 pol 1.0897 rf 0.0786 acc 70.0% | 13 it/s
step   7300 | lr 2.99e-04 | loss 1.1036 pol 1.0952 rf 0.0837 acc 69.6% | 13 it/s
step   7400 | lr 2.98e-04 | loss 1.1042 pol 1.0960 rf 0.0820 acc 69.4% | 13 it/s
step   7500 | lr 2.98e-04 | loss 1.1245 pol 1.1189 rf 0.0557 acc 68.5% | 13 it/s
step   7600 | lr 2.98e-04 | loss 1.1174 pol 1.1122 rf 0.0526 acc 68.6% | 13 it/s
step   7700 | lr 2.98e-04 | loss 1.1010 pol 1.0920 rf 0.0896 acc 70.7% | 13 it/s
step   7800 | lr 2.98e-04 | loss 1.1072 pol 1.1001 rf 0.0714 acc 70.3% | 13 it/s
step   7900 | lr 2.98e-04 | loss 1.1252 pol 1.1181 rf 0.0717 acc 69.2% | 13 it/s
step   8000 | lr 2.98e-04 | loss 1.1296 pol 1.1224 rf 0.0713 acc 68.3% | 13 it/s
[eval] step 8000 val_loss 1.1065 val_acc 70.7%
  -> saved best (1.1065)
step   8100 | lr 2.98e-04 | loss 1.1187 pol 1.1104 rf 0.0832 acc 69.0% | 13 it/s
step   8200 | lr 2.98e-04 | loss 1.1060 pol 1.0982 rf 0.0772 acc 69.1% | 13 it/s
step   8300 | lr 2.98e-04 | loss 1.1004 pol 1.0927 rf 0.0771 acc 70.0% | 13 it/s
step   8400 | lr 2.98e-04 | loss 1.1052 pol 1.0977 rf 0.0755 acc 69.9% | 13 it/s
step   8500 | lr 2.98e-04 | loss 1.1166 pol 1.1091 rf 0.0743 acc 69.2% | 13 it/s
step   8600 | lr 2.98e-04 | loss 1.1119 pol 1.1044 rf 0.0753 acc 68.8% | 13 it/s
step   8700 | lr 2.98e-04 | loss 1.1072 pol 1.1001 rf 0.0716 acc 69.6% | 13 it/s
step   8800 | lr 2.98e-04 | loss 1.1014 pol 1.0927 rf 0.0873 acc 70.3% | 13 it/s
step   8900 | lr 2.97e-04 | loss 1.0993 pol 1.0914 rf 0.0793 acc 70.1% | 13 it/s
step   9000 | lr 2.97e-04 | loss 1.1030 pol 1.0957 rf 0.0730 acc 69.9% | 13 it/s
step   9100 | lr 2.97e-04 | loss 1.0980 pol 1.0905 rf 0.0751 acc 69.7% | 13 it/s
step   9200 | lr 2.97e-04 | loss 1.1007 pol 1.0933 rf 0.0743 acc 69.5% | 13 it/s
step   9300 | lr 2.97e-04 | loss 1.0997 pol 1.0925 rf 0.0722 acc 69.3% | 13 it/s
step   9400 | lr 2.97e-04 | loss 1.0991 pol 1.0919 rf 0.0717 acc 69.2% | 13 it/s
step   9500 | lr 2.97e-04 | loss 1.0976 pol 1.0894 rf 0.0819 acc 70.0% | 13 it/s
step   9600 | lr 2.97e-04 | loss 1.0950 pol 1.0874 rf 0.0763 acc 70.0% | 13 it/s
step   9700 | lr 2.97e-04 | loss 1.1016 pol 1.0935 rf 0.0810 acc 69.6% | 13 it/s
step   9800 | lr 2.97e-04 | loss 1.0975 pol 1.0893 rf 0.0822 acc 70.0% | 13 it/s
step   9900 | lr 2.97e-04 | loss 1.1076 pol 1.0998 rf 0.0778 acc 69.8% | 13 it/s
step  10000 | lr 2.97e-04 | loss 1.0982 pol 1.0895 rf 0.0861 acc 70.4% | 13 it/s
[eval] step 10000 val_loss 1.0903 val_acc 70.9%
  -> saved best (1.0903)
step  10100 | lr 2.97e-04 | loss 1.1003 pol 1.0924 rf 0.0795 acc 69.8% | 13 it/s
step  10200 | lr 2.96e-04 | loss 1.0981 pol 1.0908 rf 0.0726 acc 69.4% | 13 it/s
step  10300 | lr 2.96e-04 | loss 1.1027 pol 1.0957 rf 0.0699 acc 69.4% | 13 it/s
step  10400 | lr 2.96e-04 | loss 1.0861 pol 1.0808 rf 0.0536 acc 71.1% | 13 it/s
step  10500 | lr 2.96e-04 | loss 1.1069 pol 1.0999 rf 0.0693 acc 69.3% | 13 it/s
step  10600 | lr 2.96e-04 | loss 1.1109 pol 1.1032 rf 0.0769 acc 69.2% | 13 it/s
step  10700 | lr 2.96e-04 | loss 1.1017 pol 1.0942 rf 0.0747 acc 69.6% | 13 it/s
step  10800 | lr 2.96e-04 | loss 1.1014 pol 1.0939 rf 0.0756 acc 69.1% | 13 it/s
step  10900 | lr 2.96e-04 | loss 1.1147 pol 1.1070 rf 0.0772 acc 69.0% | 13 it/s
step  11000 | lr 2.96e-04 | loss 1.1030 pol 1.0957 rf 0.0730 acc 69.7% | 13 it/s
step  11100 | lr 2.96e-04 | loss 1.1138 pol 1.1069 rf 0.0692 acc 69.3% | 13 it/s
step  11200 | lr 2.96e-04 | loss 1.1205 pol 1.1135 rf 0.0693 acc 68.9% | 13 it/s
step  11300 | lr 2.95e-04 | loss 1.0997 pol 1.0905 rf 0.0915 acc 70.6% | 13 it/s
step  11400 | lr 2.95e-04 | loss 1.1110 pol 1.1031 rf 0.0794 acc 69.0% | 13 it/s
step  11500 | lr 2.95e-04 | loss 1.1113 pol 1.1029 rf 0.0834 acc 69.0% | 13 it/s
step  11600 | lr 2.95e-04 | loss 1.1088 pol 1.1015 rf 0.0728 acc 69.6% | 13 it/s
step  11700 | lr 2.95e-04 | loss 1.0905 pol 1.0850 rf 0.0550 acc 70.9% | 13 it/s
step  11800 | lr 2.95e-04 | loss 1.1047 pol 1.0980 rf 0.0678 acc 69.5% | 13 it/s
step  11900 | lr 2.95e-04 | loss 1.1158 pol 1.1077 rf 0.0803 acc 68.4% | 13 it/s
step  12000 | lr 2.95e-04 | loss 1.1031 pol 1.0955 rf 0.0760 acc 69.2% | 13 it/s
[eval] step 12000 val_loss 1.1605 val_acc 69.6%
step  12100 | lr 2.95e-04 | loss 1.0936 pol 1.0863 rf 0.0726 acc 69.7% | 13 it/s
step  12200 | lr 2.95e-04 | loss 1.0770 pol 1.0718 rf 0.0518 acc 71.5% | 13 it/s
step  12300 | lr 2.94e-04 | loss 1.0834 pol 1.0780 rf 0.0540 acc 71.2% | 13 it/s
step  12400 | lr 2.94e-04 | loss 1.1034 pol 1.0959 rf 0.0748 acc 69.1% | 13 it/s
step  12500 | lr 2.94e-04 | loss 1.0994 pol 1.0905 rf 0.0889 acc 70.9% | 13 it/s
step  12600 | lr 2.94e-04 | loss 1.1089 pol 1.1006 rf 0.0833 acc 69.3% | 13 it/s
step  12700 | lr 2.94e-04 | loss 1.1149 pol 1.1070 rf 0.0785 acc 69.1% | 13 it/s
step  12800 | lr 2.94e-04 | loss 1.1027 pol 1.0956 rf 0.0716 acc 69.7% | 13 it/s
step  12900 | lr 2.94e-04 | loss 1.1134 pol 1.1064 rf 0.0694 acc 68.7% | 13 it/s
step  13000 | lr 2.94e-04 | loss 1.1084 pol 1.1014 rf 0.0694 acc 70.0% | 13 it/s
step  13100 | lr 2.93e-04 | loss 1.1075 pol 1.1005 rf 0.0697 acc 70.0% | 13 it/s
step  13200 | lr 2.93e-04 | loss 1.1148 pol 1.1077 rf 0.0706 acc 69.5% | 13 it/s
step  13300 | lr 2.93e-04 | loss 1.1240 pol 1.1170 rf 0.0691 acc 68.7% | 13 it/s
step  13400 | lr 2.93e-04 | loss 1.1143 pol 1.1066 rf 0.0770 acc 69.4% | 13 it/s
step  13500 | lr 2.93e-04 | loss 1.0904 pol 1.0815 rf 0.0882 acc 70.8% | 13 it/s
step  13600 | lr 2.93e-04 | loss 1.0838 pol 1.0746 rf 0.0920 acc 71.2% | 13 it/s
step  13700 | lr 2.93e-04 | loss 1.1061 pol 1.0987 rf 0.0739 acc 69.1% | 13 it/s
step  13800 | lr 2.93e-04 | loss 1.1197 pol 1.1117 rf 0.0804 acc 68.3% | 13 it/s
step  13900 | lr 2.93e-04 | loss 1.1202 pol 1.1121 rf 0.0808 acc 69.2% | 13 it/s
step  14000 | lr 2.92e-04 | loss 1.1160 pol 1.1099 rf 0.0610 acc 69.2% | 13 it/s
[eval] step 14000 val_loss 1.1311 val_acc 70.0%
step  14100 | lr 2.92e-04 | loss 1.1219 pol 1.1167 rf 0.0520 acc 68.1% | 13 it/s
step  14200 | lr 2.92e-04 | loss 1.1065 pol 1.1005 rf 0.0598 acc 68.8% | 13 it/s
step  14300 | lr 2.92e-04 | loss 1.1041 pol 1.0967 rf 0.0740 acc 69.5% | 13 it/s
step  14400 | lr 2.92e-04 | loss 1.1066 pol 1.0993 rf 0.0731 acc 69.4% | 13 it/s
step  14500 | lr 2.92e-04 | loss 1.1070 pol 1.0995 rf 0.0748 acc 68.8% | 13 it/s
step  14600 | lr 2.92e-04 | loss 1.0956 pol 1.0877 rf 0.0794 acc 69.8% | 13 it/s
step  14700 | lr 2.92e-04 | loss 1.0977 pol 1.0898 rf 0.0785 acc 69.8% | 13 it/s
step  14800 | lr 2.91e-04 | loss 1.1055 pol 1.0981 rf 0.0742 acc 69.6% | 13 it/s
step  14900 | lr 2.91e-04 | loss 1.1183 pol 1.1124 rf 0.0590 acc 68.6% | 13 it/s
step  15000 | lr 2.91e-04 | loss 1.1180 pol 1.1129 rf 0.0515 acc 68.3% | 13 it/s
step  15100 | lr 2.91e-04 | loss 1.0949 pol 1.0893 rf 0.0556 acc 70.3% | 13 it/s
step  15200 | lr 2.91e-04 | loss 1.0807 pol 1.0743 rf 0.0640 acc 71.2% | 13 it/s
step  15300 | lr 2.91e-04 | loss 1.0848 pol 1.0759 rf 0.0891 acc 71.0% | 13 it/s
step  15400 | lr 2.91e-04 | loss 1.1017 pol 1.0944 rf 0.0732 acc 69.3% | 13 it/s
step  15500 | lr 2.90e-04 | loss 1.1092 pol 1.1021 rf 0.0707 acc 69.4% | 13 it/s
step  15600 | lr 2.90e-04 | loss 1.0985 pol 1.0915 rf 0.0700 acc 69.9% | 13 it/s
step  15700 | lr 2.90e-04 | loss 1.0865 pol 1.0794 rf 0.0707 acc 70.3% | 13 it/s
step  15800 | lr 2.90e-04 | loss 1.0978 pol 1.0904 rf 0.0739 acc 70.2% | 13 it/s
step  15900 | lr 2.90e-04 | loss 1.1004 pol 1.0933 rf 0.0707 acc 70.0% | 13 it/s
step  16000 | lr 2.90e-04 | loss 1.0975 pol 1.0907 rf 0.0684 acc 70.6% | 13 it/s
[eval] step 16000 val_loss 1.1033 val_acc 71.0%
step  16100 | lr 2.90e-04 | loss 1.1051 pol 1.0981 rf 0.0701 acc 69.7% | 13 it/s
step  16200 | lr 2.89e-04 | loss 1.1066 pol 1.0992 rf 0.0744 acc 68.9% | 13 it/s
step  16300 | lr 2.89e-04 | loss 1.1129 pol 1.1044 rf 0.0856 acc 68.9% | 13 it/s
step  16400 | lr 2.89e-04 | loss 1.0826 pol 1.0737 rf 0.0895 acc 71.3% | 13 it/s
step  16500 | lr 2.89e-04 | loss 1.1080 pol 1.1001 rf 0.0786 acc 69.0% | 13 it/s
step  16600 | lr 2.89e-04 | loss 1.1074 pol 1.0993 rf 0.0804 acc 68.8% | 13 it/s
step  16700 | lr 2.89e-04 | loss 1.1027 pol 1.0952 rf 0.0751 acc 69.6% | 13 it/s
step  16800 | lr 2.89e-04 | loss 1.0967 pol 1.0897 rf 0.0698 acc 70.1% | 13 it/s
step  16900 | lr 2.88e-04 | loss 1.0942 pol 1.0873 rf 0.0681 acc 70.3% | 13 it/s
step  17000 | lr 2.88e-04 | loss 1.0867 pol 1.0813 rf 0.0541 acc 71.1% | 13 it/s
step  17100 | lr 2.88e-04 | loss 1.0957 pol 1.0900 rf 0.0565 acc 70.8% | 13 it/s
step  17200 | lr 2.88e-04 | loss 1.1057 pol 1.0983 rf 0.0740 acc 70.2% | 13 it/s
step  17300 | lr 2.88e-04 | loss 1.1054 pol 1.0974 rf 0.0801 acc 69.2% | 13 it/s
step  17400 | lr 2.88e-04 | loss 1.0981 pol 1.0907 rf 0.0738 acc 69.3% | 13 it/s
step  17500 | lr 2.87e-04 | loss 1.1055 pol 1.0981 rf 0.0737 acc 69.6% | 13 it/s
step  17600 | lr 2.87e-04 | loss 1.0968 pol 1.0898 rf 0.0702 acc 70.4% | 13 it/s
step  17700 | lr 2.87e-04 | loss 1.0859 pol 1.0803 rf 0.0559 acc 71.1% | 13 it/s
step  17800 | lr 2.87e-04 | loss 1.0889 pol 1.0836 rf 0.0536 acc 70.8% | 13 it/s
step  17900 | lr 2.87e-04 | loss 1.0958 pol 1.0896 rf 0.0625 acc 70.5% | 13 it/s
step  18000 | lr 2.87e-04 | loss 1.1110 pol 1.1029 rf 0.0812 acc 68.5% | 13 it/s
[eval] step 18000 val_loss 1.1451 val_acc 70.0%
step  18100 | lr 2.86e-04 | loss 1.1023 pol 1.0950 rf 0.0733 acc 69.9% | 13 it/s
step  18200 | lr 2.86e-04 | loss 1.1194 pol 1.1137 rf 0.0565 acc 68.8% | 13 it/s
step  18300 | lr 2.86e-04 | loss 1.1219 pol 1.1169 rf 0.0505 acc 68.2% | 13 it/s
step  18400 | lr 2.86e-04 | loss 1.0959 pol 1.0891 rf 0.0682 acc 69.9% | 13 it/s
step  18500 | lr 2.86e-04 | loss 1.0890 pol 1.0816 rf 0.0741 acc 70.3% | 13 it/s
step  18600 | lr 2.86e-04 | loss 1.1102 pol 1.1032 rf 0.0705 acc 69.6% | 13 it/s
step  18700 | lr 2.85e-04 | loss 1.1151 pol 1.1077 rf 0.0738 acc 68.9% | 13 it/s
step  18800 | lr 2.85e-04 | loss 1.1118 pol 1.1040 rf 0.0781 acc 68.6% | 13 it/s
step  18900 | lr 2.85e-04 | loss 1.0993 pol 1.0920 rf 0.0729 acc 69.3% | 13 it/s
step  19000 | lr 2.85e-04 | loss 1.1073 pol 1.1010 rf 0.0639 acc 69.8% | 13 it/s
step  19100 | lr 2.85e-04 | loss 1.1092 pol 1.1017 rf 0.0746 acc 68.9% | 13 it/s
step  19200 | lr 2.85e-04 | loss 1.1006 pol 1.0934 rf 0.0728 acc 69.2% | 13 it/s
step  19300 | lr 2.84e-04 | loss 1.0998 pol 1.0920 rf 0.0786 acc 69.9% | 13 it/s
step  19400 | lr 2.84e-04 | loss 1.1004 pol 1.0928 rf 0.0765 acc 69.8% | 13 it/s
step  19500 | lr 2.84e-04 | loss 1.1088 pol 1.1010 rf 0.0781 acc 69.2% | 13 it/s
step  19600 | lr 2.84e-04 | loss 1.0895 pol 1.0808 rf 0.0875 acc 71.1% | 13 it/s
step  19700 | lr 2.84e-04 | loss 1.1072 pol 1.0994 rf 0.0785 acc 69.7% | 13 it/s
step  19800 | lr 2.83e-04 | loss 1.1011 pol 1.0940 rf 0.0710 acc 70.1% | 13 it/s
step  19900 | lr 2.83e-04 | loss 1.1097 pol 1.1028 rf 0.0689 acc 69.5% | 13 it/s
step  20000 | lr 2.83e-04 | loss 1.1124 pol 1.1051 rf 0.0734 acc 68.7% | 13 it/s
[eval] step 20000 val_loss 1.1382 val_acc 70.1%
step  20100 | lr 2.83e-04 | loss 1.1139 pol 1.1059 rf 0.0792 acc 68.4% | 13 it/s
step  20200 | lr 2.83e-04 | loss 1.0964 pol 1.0886 rf 0.0776 acc 69.5% | 13 it/s
step  20300 | lr 2.83e-04 | loss 1.1089 pol 1.1015 rf 0.0733 acc 70.0% | 13 it/s
step  20400 | lr 2.82e-04 | loss 1.1123 pol 1.1048 rf 0.0741 acc 69.5% | 13 it/s
step  20500 | lr 2.82e-04 | loss 1.1054 pol 1.0972 rf 0.0817 acc 69.9% | 13 it/s
step  20600 | lr 2.82e-04 | loss 1.0986 pol 1.0908 rf 0.0782 acc 70.3% | 13 it/s
step  20700 | lr 2.82e-04 | loss 1.1098 pol 1.1029 rf 0.0688 acc 69.8% | 13 it/s
step  20800 | lr 2.82e-04 | loss 1.1252 pol 1.1200 rf 0.0518 acc 68.1% | 13 it/s
step  20900 | lr 2.81e-04 | loss 1.1212 pol 1.1158 rf 0.0545 acc 68.4% | 13 it/s
step  21000 | lr 2.81e-04 | loss 1.0973 pol 1.0898 rf 0.0756 acc 69.8% | 13 it/s
step  21100 | lr 2.81e-04 | loss 1.0961 pol 1.0888 rf 0.0732 acc 69.9% | 13 it/s
step  21200 | lr 2.81e-04 | loss 1.1062 pol 1.0989 rf 0.0735 acc 68.8% | 13 it/s
step  21300 | lr 2.81e-04 | loss 1.1046 pol 1.0967 rf 0.0793 acc 70.2% | 13 it/s
step  21400 | lr 2.80e-04 | loss 1.0918 pol 1.0828 rf 0.0898 acc 70.7% | 13 it/s
step  21500 | lr 2.80e-04 | loss 1.0903 pol 1.0819 rf 0.0839 acc 70.7% | 13 it/s
step  21600 | lr 2.80e-04 | loss 1.0957 pol 1.0878 rf 0.0790 acc 70.4% | 13 it/s
step  21700 | lr 2.80e-04 | loss 1.1100 pol 1.1027 rf 0.0732 acc 69.5% | 13 it/s
step  21800 | lr 2.80e-04 | loss 1.0996 pol 1.0928 rf 0.0684 acc 69.7% | 13 it/s
step  21900 | lr 2.79e-04 | loss 1.1130 pol 1.1078 rf 0.0524 acc 68.9% | 13 it/s
step  22000 | lr 2.79e-04 | loss 1.1094 pol 1.1049 rf 0.0452 acc 68.6% | 13 it/s
[eval] step 22000 val_loss 1.1436 val_acc 69.7%
step  22100 | lr 2.79e-04 | loss 1.1122 pol 1.1051 rf 0.0702 acc 69.2% | 13 it/s
step  22200 | lr 2.79e-04 | loss 1.1048 pol 1.0972 rf 0.0765 acc 69.7% | 13 it/s
step  22300 | lr 2.79e-04 | loss 1.1038 pol 1.0959 rf 0.0785 acc 69.9% | 13 it/s
step  22400 | lr 2.78e-04 | loss 1.1075 pol 1.0995 rf 0.0803 acc 69.6% | 13 it/s
step  22500 | lr 2.78e-04 | loss 1.0867 pol 1.0803 rf 0.0640 acc 70.9% | 13 it/s
step  22600 | lr 2.78e-04 | loss 1.0983 pol 1.0913 rf 0.0705 acc 69.7% | 13 it/s
step  22700 | lr 2.78e-04 | loss 1.1005 pol 1.0929 rf 0.0767 acc 69.6% | 13 it/s
step  22800 | lr 2.78e-04 | loss 1.1016 pol 1.0940 rf 0.0756 acc 69.8% | 13 it/s
step  22900 | lr 2.77e-04 | loss 1.1080 pol 1.1003 rf 0.0775 acc 68.7% | 13 it/s
step  23000 | lr 2.77e-04 | loss 1.1130 pol 1.1060 rf 0.0699 acc 69.5% | 13 it/s
step  23100 | lr 2.77e-04 | loss 1.1143 pol 1.1062 rf 0.0810 acc 68.8% | 13 it/s
step  23200 | lr 2.77e-04 | loss 1.1050 pol 1.0977 rf 0.0726 acc 68.9% | 13 it/s
step  23300 | lr 2.77e-04 | loss 1.1023 pol 1.0952 rf 0.0702 acc 68.9% | 13 it/s
step  23400 | lr 2.76e-04 | loss 1.1066 pol 1.0992 rf 0.0742 acc 68.6% | 13 it/s
step  23500 | lr 2.76e-04 | loss 1.1092 pol 1.1010 rf 0.0817 acc 68.9% | 13 it/s
step  23600 | lr 2.76e-04 | loss 1.1109 pol 1.1027 rf 0.0818 acc 69.1% | 13 it/s
step  23700 | lr 2.76e-04 | loss 1.0975 pol 1.0909 rf 0.0658 acc 70.4% | 13 it/s
step  23800 | lr 2.75e-04 | loss 1.1023 pol 1.0947 rf 0.0764 acc 69.1% | 13 it/s
step  23900 | lr 2.75e-04 | loss 1.1165 pol 1.1092 rf 0.0733 acc 69.4% | 13 it/s
step  24000 | lr 2.75e-04 | loss 1.1133 pol 1.1055 rf 0.0776 acc 69.2% | 13 it/s
[eval] step 24000 val_loss 1.1393 val_acc 70.4%
step  24100 | lr 2.75e-04 | loss 1.1005 pol 1.0938 rf 0.0675 acc 69.8% | 13 it/s
step  24200 | lr 2.75e-04 | loss 1.0852 pol 1.0800 rf 0.0528 acc 71.3% | 13 it/s
step  24300 | lr 2.74e-04 | loss 1.1031 pol 1.0981 rf 0.0501 acc 69.8% | 13 it/s
step  24400 | lr 2.74e-04 | loss 1.1097 pol 1.1048 rf 0.0488 acc 68.7% | 13 it/s
step  24500 | lr 2.74e-04 | loss 1.0958 pol 1.0905 rf 0.0527 acc 70.2% | 13 it/s
step  24600 | lr 2.74e-04 | loss 1.0655 pol 1.0607 rf 0.0478 acc 71.8% | 13 it/s
step  24700 | lr 2.73e-04 | loss 1.0964 pol 1.0893 rf 0.0710 acc 70.1% | 13 it/s
step  24800 | lr 2.73e-04 | loss 1.1031 pol 1.0953 rf 0.0783 acc 69.4% | 13 it/s
step  24900 | lr 2.73e-04 | loss 1.1002 pol 1.0931 rf 0.0713 acc 70.0% | 13 it/s
step  25000 | lr 2.73e-04 | loss 1.1238 pol 1.1185 rf 0.0524 acc 68.2% | 13 it/s
step  25100 | lr 2.73e-04 | loss 1.1172 pol 1.1119 rf 0.0524 acc 68.5% | 13 it/s
step  25200 | lr 2.72e-04 | loss 1.1096 pol 1.1028 rf 0.0682 acc 69.0% | 13 it/s
step  25300 | lr 2.72e-04 | loss 1.1095 pol 1.1020 rf 0.0756 acc 68.7% | 13 it/s
step  25400 | lr 2.72e-04 | loss 1.1229 pol 1.1157 rf 0.0721 acc 68.7% | 13 it/s
step  25500 | lr 2.72e-04 | loss 1.1225 pol 1.1158 rf 0.0661 acc 68.6% | 13 it/s
step  25600 | lr 2.71e-04 | loss 1.1114 pol 1.1067 rf 0.0468 acc 68.8% | 13 it/s
step  25700 | lr 2.71e-04 | loss 1.1087 pol 1.1027 rf 0.0597 acc 69.1% | 13 it/s
step  25800 | lr 2.71e-04 | loss 1.0964 pol 1.0885 rf 0.0782 acc 69.9% | 13 it/s
step  25900 | lr 2.71e-04 | loss 1.0994 pol 1.0917 rf 0.0771 acc 69.8% | 13 it/s
step  26000 | lr 2.70e-04 | loss 1.1112 pol 1.1036 rf 0.0758 acc 69.2% | 13 it/s
[eval] step 26000 val_loss 1.1310 val_acc 70.5%
step  26100 | lr 2.70e-04 | loss 1.1190 pol 1.1111 rf 0.0786 acc 68.1% | 13 it/s
step  26200 | lr 2.70e-04 | loss 1.0941 pol 1.0844 rf 0.0964 acc 71.1% | 13 it/s
step  26300 | lr 2.70e-04 | loss 1.0827 pol 1.0735 rf 0.0920 acc 71.2% | 13 it/s
step  26400 | lr 2.69e-04 | loss 1.1022 pol 1.0958 rf 0.0642 acc 69.6% | 13 it/s
step  26500 | lr 2.69e-04 | loss 1.1050 pol 1.1001 rf 0.0490 acc 68.8% | 13 it/s
step  26600 | lr 2.69e-04 | loss 1.1038 pol 1.0960 rf 0.0778 acc 70.0% | 13 it/s
step  26700 | lr 2.69e-04 | loss 1.0805 pol 1.0737 rf 0.0680 acc 71.4% | 13 it/s
step  26800 | lr 2.68e-04 | loss 1.0978 pol 1.0911 rf 0.0671 acc 69.9% | 13 it/s
step  26900 | lr 2.68e-04 | loss 1.0975 pol 1.0899 rf 0.0765 acc 69.6% | 13 it/s
step  27000 | lr 2.68e-04 | loss 1.0945 pol 1.0867 rf 0.0780 acc 69.8% | 13 it/s
step  27100 | lr 2.68e-04 | loss 1.1006 pol 1.0933 rf 0.0729 acc 69.4% | 13 it/s
step  27200 | lr 2.67e-04 | loss 1.1086 pol 1.1018 rf 0.0686 acc 68.9% | 13 it/s
step  27300 | lr 2.67e-04 | loss 1.0985 pol 1.0910 rf 0.0752 acc 69.6% | 13 it/s
step  27400 | lr 2.67e-04 | loss 1.0992 pol 1.0913 rf 0.0783 acc 69.4% | 13 it/s
step  27500 | lr 2.67e-04 | loss 1.1144 pol 1.1065 rf 0.0788 acc 68.4% | 13 it/s
step  27600 | lr 2.66e-04 | loss 1.0954 pol 1.0863 rf 0.0906 acc 70.8% | 13 it/s
step  27700 | lr 2.66e-04 | loss 1.0844 pol 1.0783 rf 0.0610 acc 71.3% | 13 it/s
step  27800 | lr 2.66e-04 | loss 1.0779 pol 1.0727 rf 0.0523 acc 71.3% | 13 it/s
step  27900 | lr 2.66e-04 | loss 1.0854 pol 1.0801 rf 0.0531 acc 71.1% | 13 it/s
step  28000 | lr 2.65e-04 | loss 1.0821 pol 1.0768 rf 0.0530 acc 71.3% | 13 it/s
[eval] step 28000 val_loss 1.0994 val_acc 71.0%
step  28100 | lr 2.65e-04 | loss 1.0865 pol 1.0807 rf 0.0585 acc 71.1% | 13 it/s
step  28200 | lr 2.65e-04 | loss 1.0925 pol 1.0866 rf 0.0589 acc 70.8% | 13 it/s
step  28300 | lr 2.65e-04 | loss 1.0982 pol 1.0908 rf 0.0740 acc 69.4% | 13 it/s
step  28400 | lr 2.64e-04 | loss 1.1237 pol 1.1163 rf 0.0747 acc 68.7% | 13 it/s
step  28500 | lr 2.64e-04 | loss 1.1145 pol 1.1076 rf 0.0696 acc 68.9% | 13 it/s
step  28600 | lr 2.64e-04 | loss 1.1006 pol 1.0932 rf 0.0741 acc 69.4% | 13 it/s
step  28700 | lr 2.64e-04 | loss 1.1049 pol 1.0973 rf 0.0762 acc 69.8% | 13 it/s
step  28800 | lr 2.63e-04 | loss 1.1024 pol 1.0947 rf 0.0771 acc 69.8% | 13 it/s
step  28900 | lr 2.63e-04 | loss 1.1044 pol 1.0968 rf 0.0760 acc 69.5% | 13 it/s
step  29000 | lr 2.63e-04 | loss 1.1019 pol 1.0947 rf 0.0717 acc 69.7% | 13 it/s
step  29100 | lr 2.63e-04 | loss 1.1069 pol 1.0998 rf 0.0710 acc 70.1% | 13 it/s
step  29200 | lr 2.62e-04 | loss 1.0920 pol 1.0856 rf 0.0638 acc 70.7% | 13 it/s
step  29300 | lr 2.62e-04 | loss 1.0947 pol 1.0884 rf 0.0626 acc 70.8% | 13 it/s
step  29400 | lr 2.62e-04 | loss 1.0786 pol 1.0735 rf 0.0515 acc 71.4% | 13 it/s
step  29500 | lr 2.62e-04 | loss 1.0879 pol 1.0816 rf 0.0626 acc 70.9% | 13 it/s
step  29600 | lr 2.61e-04 | loss 1.0884 pol 1.0804 rf 0.0798 acc 70.3% | 13 it/s
step  29700 | lr 2.61e-04 | loss 1.0992 pol 1.0914 rf 0.0773 acc 69.3% | 13 it/s
step  29800 | lr 2.61e-04 | loss 1.1117 pol 1.1039 rf 0.0779 acc 68.4% | 13 it/s
step  29900 | lr 2.60e-04 | loss 1.0943 pol 1.0869 rf 0.0742 acc 69.5% | 13 it/s
step  30000 | lr 2.60e-04 | loss 1.0943 pol 1.0882 rf 0.0611 acc 70.4% | 13 it/s
[eval] step 30000 val_loss 1.1242 val_acc 70.5%
step  30100 | lr 2.60e-04 | loss 1.1068 pol 1.1001 rf 0.0671 acc 68.9% | 13 it/s
step  30200 | lr 2.60e-04 | loss 1.1061 pol 1.0980 rf 0.0811 acc 69.4% | 13 it/s
step  30300 | lr 2.59e-04 | loss 1.1024 pol 1.0946 rf 0.0781 acc 69.0% | 13 it/s
step  30400 | lr 2.59e-04 | loss 1.0900 pol 1.0841 rf 0.0585 acc 70.5% | 13 it/s
step  30500 | lr 2.59e-04 | loss 1.0781 pol 1.0728 rf 0.0533 acc 71.4% | 13 it/s
step  30600 | lr 2.59e-04 | loss 1.1130 pol 1.1053 rf 0.0771 acc 68.5% | 13 it/s
step  30700 | lr 2.58e-04 | loss 1.1021 pol 1.0952 rf 0.0683 acc 69.8% | 13 it/s
step  30800 | lr 2.58e-04 | loss 1.1127 pol 1.1072 rf 0.0557 acc 69.1% | 13 it/s
step  30900 | lr 2.58e-04 | loss 1.1196 pol 1.1147 rf 0.0491 acc 68.6% | 13 it/s
step  31000 | lr 2.57e-04 | loss 1.1201 pol 1.1139 rf 0.0621 acc 68.9% | 13 it/s
step  31100 | lr 2.57e-04 | loss 1.1159 pol 1.1087 rf 0.0725 acc 69.1% | 13 it/s
step  31200 | lr 2.57e-04 | loss 1.1012 pol 1.0938 rf 0.0738 acc 69.8% | 13 it/s
step  31300 | lr 2.57e-04 | loss 1.0997 pol 1.0926 rf 0.0702 acc 69.2% | 13 it/s
step  31400 | lr 2.56e-04 | loss 1.0808 pol 1.0753 rf 0.0548 acc 71.3% | 13 it/s
step  31500 | lr 2.56e-04 | loss 1.0790 pol 1.0742 rf 0.0476 acc 71.1% | 13 it/s
step  31600 | lr 2.56e-04 | loss 1.1036 pol 1.0969 rf 0.0672 acc 70.0% | 13 it/s
step  31700 | lr 2.55e-04 | loss 1.1103 pol 1.1032 rf 0.0713 acc 69.8% | 13 it/s
step  31800 | lr 2.55e-04 | loss 1.1083 pol 1.1008 rf 0.0757 acc 69.4% | 13 it/s
step  31900 | lr 2.55e-04 | loss 1.1006 pol 1.0934 rf 0.0715 acc 69.0% | 13 it/s
step  32000 | lr 2.55e-04 | loss 1.1004 pol 1.0928 rf 0.0768 acc 69.2% | 13 it/s
[eval] step 32000 val_loss 1.1391 val_acc 70.3%
step  32100 | lr 2.54e-04 | loss 1.1025 pol 1.0949 rf 0.0760 acc 69.0% | 13 it/s
step  32200 | lr 2.54e-04 | loss 1.0994 pol 1.0928 rf 0.0662 acc 69.8% | 13 it/s
step  32300 | lr 2.54e-04 | loss 1.1094 pol 1.1043 rf 0.0504 acc 68.9% | 13 it/s
step  32400 | lr 2.53e-04 | loss 1.1075 pol 1.1026 rf 0.0488 acc 68.8% | 13 it/s
step  32500 | lr 2.53e-04 | loss 1.0933 pol 1.0878 rf 0.0555 acc 70.7% | 13 it/s
step  32600 | lr 2.53e-04 | loss 1.0893 pol 1.0833 rf 0.0599 acc 70.9% | 13 it/s
step  32700 | lr 2.53e-04 | loss 1.1063 pol 1.0987 rf 0.0769 acc 69.5% | 13 it/s
step  32800 | lr 2.52e-04 | loss 1.1098 pol 1.1027 rf 0.0706 acc 69.6% | 13 it/s
step  32900 | lr 2.52e-04 | loss 1.1099 pol 1.1025 rf 0.0741 acc 69.0% | 13 it/s
step  33000 | lr 2.52e-04 | loss 1.1069 pol 1.0991 rf 0.0779 acc 69.1% | 13 it/s
step  33100 | lr 2.51e-04 | loss 1.0892 pol 1.0815 rf 0.0765 acc 70.3% | 13 it/s
step  33200 | lr 2.51e-04 | loss 1.1034 pol 1.0953 rf 0.0814 acc 69.8% | 13 it/s
step  33300 | lr 2.51e-04 | loss 1.1050 pol 1.0970 rf 0.0799 acc 69.6% | 13 it/s
step  33400 | lr 2.51e-04 | loss 1.1174 pol 1.1093 rf 0.0811 acc 68.4% | 13 it/s
step  33500 | lr 2.50e-04 | loss 1.0914 pol 1.0824 rf 0.0895 acc 71.0% | 13 it/s
step  33600 | lr 2.50e-04 | loss 1.0989 pol 1.0919 rf 0.0704 acc 70.5% | 13 it/s
step  33700 | lr 2.50e-04 | loss 1.0964 pol 1.0895 rf 0.0686 acc 70.4% | 13 it/s
step  33800 | lr 2.49e-04 | loss 1.0975 pol 1.0901 rf 0.0741 acc 69.5% | 13 it/s
step  33900 | lr 2.49e-04 | loss 1.0975 pol 1.0899 rf 0.0767 acc 69.6% | 13 it/s
step  34000 | lr 2.49e-04 | loss 1.0939 pol 1.0861 rf 0.0786 acc 69.8% | 13 it/s
[eval] step 34000 val_loss 1.1439 val_acc 70.7%
step  34100 | lr 2.48e-04 | loss 1.0997 pol 1.0927 rf 0.0701 acc 69.8% | 13 it/s
step  34200 | lr 2.48e-04 | loss 1.1089 pol 1.1014 rf 0.0751 acc 69.3% | 13 it/s
step  34300 | lr 2.48e-04 | loss 1.1145 pol 1.1073 rf 0.0720 acc 68.7% | 13 it/s
step  34400 | lr 2.48e-04 | loss 1.1158 pol 1.1106 rf 0.0515 acc 68.4% | 13 it/s
step  34500 | lr 2.47e-04 | loss 1.1072 pol 1.1011 rf 0.0610 acc 69.2% | 13 it/s
step  34600 | lr 2.47e-04 | loss 1.1006 pol 1.0928 rf 0.0776 acc 70.0% | 13 it/s
step  34700 | lr 2.47e-04 | loss 1.0854 pol 1.0781 rf 0.0727 acc 70.1% | 13 it/s
step  34800 | lr 2.46e-04 | loss 1.0890 pol 1.0815 rf 0.0752 acc 70.0% | 13 it/s
step  34900 | lr 2.46e-04 | loss 1.0930 pol 1.0853 rf 0.0772 acc 69.8% | 13 it/s
step  35000 | lr 2.46e-04 | loss 1.1006 pol 1.0926 rf 0.0797 acc 69.7% | 13 it/s
step  35100 | lr 2.45e-04 | loss 1.1070 pol 1.0995 rf 0.0749 acc 69.5% | 13 it/s
step  35200 | lr 2.45e-04 | loss 1.1008 pol 1.0934 rf 0.0739 acc 69.1% | 13 it/s
step  35300 | lr 2.45e-04 | loss 1.1021 pol 1.0945 rf 0.0758 acc 69.0% | 13 it/s
step  35400 | lr 2.45e-04 | loss 1.0989 pol 1.0912 rf 0.0763 acc 70.0% | 13 it/s
step  35500 | lr 2.44e-04 | loss 1.0956 pol 1.0888 rf 0.0683 acc 70.3% | 13 it/s
step  35600 | lr 2.44e-04 | loss 1.0856 pol 1.0794 rf 0.0614 acc 71.2% | 13 it/s
step  35700 | lr 2.44e-04 | loss 1.1010 pol 1.0945 rf 0.0653 acc 70.1% | 13 it/s
step  35800 | lr 2.43e-04 | loss 1.1167 pol 1.1100 rf 0.0675 acc 68.8% | 13 it/s
step  35900 | lr 2.43e-04 | loss 1.0990 pol 1.0925 rf 0.0656 acc 69.9% | 13 it/s
step  36000 | lr 2.43e-04 | loss 1.0874 pol 1.0795 rf 0.0798 acc 70.8% | 13 it/s
[eval] step 36000 val_loss 1.0835 val_acc 71.1%
  -> saved best (1.0835)
step  36100 | lr 2.42e-04 | loss 1.0903 pol 1.0811 rf 0.0926 acc 70.7% | 13 it/s
step  36200 | lr 2.42e-04 | loss 1.1014 pol 1.0930 rf 0.0833 acc 70.3% | 13 it/s
step  36300 | lr 2.42e-04 | loss 1.1208 pol 1.1137 rf 0.0711 acc 68.7% | 13 it/s
step  36400 | lr 2.41e-04 | loss 1.1065 pol 1.0989 rf 0.0754 acc 69.7% | 13 it/s
step  36500 | lr 2.41e-04 | loss 1.1088 pol 1.1013 rf 0.0753 acc 69.2% | 13 it/s
step  36600 | lr 2.41e-04 | loss 1.1130 pol 1.1056 rf 0.0742 acc 68.8% | 13 it/s
step  36700 | lr 2.40e-04 | loss 1.1051 pol 1.0978 rf 0.0724 acc 70.1% | 13 it/s
step  36800 | lr 2.40e-04 | loss 1.0862 pol 1.0775 rf 0.0870 acc 71.3% | 13 it/s
step  36900 | lr 2.40e-04 | loss 1.0807 pol 1.0716 rf 0.0912 acc 71.3% | 13 it/s
step  37000 | lr 2.39e-04 | loss 1.1073 pol 1.0991 rf 0.0820 acc 69.1% | 13 it/s
step  37100 | lr 2.39e-04 | loss 1.1042 pol 1.0964 rf 0.0788 acc 69.1% | 13 it/s
step  37200 | lr 2.39e-04 | loss 1.0974 pol 1.0902 rf 0.0720 acc 69.1% | 13 it/s
step  37300 | lr 2.38e-04 | loss 1.1026 pol 1.0958 rf 0.0680 acc 69.5% | 13 it/s
step  37400 | lr 2.38e-04 | loss 1.0851 pol 1.0794 rf 0.0571 acc 71.0% | 13 it/s
step  37500 | lr 2.38e-04 | loss 1.1098 pol 1.1028 rf 0.0700 acc 68.9% | 13 it/s
step  37600 | lr 2.38e-04 | loss 1.1018 pol 1.0950 rf 0.0682 acc 69.7% | 13 it/s
step  37700 | lr 2.37e-04 | loss 1.0984 pol 1.0915 rf 0.0689 acc 70.4% | 13 it/s
step  37800 | lr 2.37e-04 | loss 1.1053 pol 1.0980 rf 0.0734 acc 69.1% | 14 it/s
step  37900 | lr 2.37e-04 | loss 1.1109 pol 1.1032 rf 0.0768 acc 68.2% | 14 it/s
step  38000 | lr 2.36e-04 | loss 1.1088 pol 1.1009 rf 0.0785 acc 68.9% | 14 it/s
[eval] step 38000 val_loss 1.0988 val_acc 70.9%
step  38100 | lr 2.36e-04 | loss 1.0965 pol 1.0892 rf 0.0731 acc 69.9% | 13 it/s
step  38200 | lr 2.36e-04 | loss 1.1129 pol 1.1049 rf 0.0799 acc 68.4% | 13 it/s
step  38300 | lr 2.35e-04 | loss 1.1207 pol 1.1155 rf 0.0517 acc 68.3% | 13 it/s
step  38400 | lr 2.35e-04 | loss 1.1213 pol 1.1162 rf 0.0505 acc 68.3% | 13 it/s
step  38500 | lr 2.35e-04 | loss 1.1025 pol 1.0949 rf 0.0765 acc 70.1% | 14 it/s
step  38600 | lr 2.34e-04 | loss 1.0840 pol 1.0782 rf 0.0579 acc 71.0% | 14 it/s
step  38700 | lr 2.34e-04 | loss 1.0816 pol 1.0764 rf 0.0515 acc 71.2% | 14 it/s
step  38800 | lr 2.34e-04 | loss 1.0880 pol 1.0813 rf 0.0667 acc 70.5% | 14 it/s
step  38900 | lr 2.33e-04 | loss 1.1017 pol 1.0942 rf 0.0748 acc 70.0% | 14 it/s
step  39000 | lr 2.33e-04 | loss 1.0955 pol 1.0872 rf 0.0830 acc 70.2% | 14 it/s
step  39100 | lr 2.33e-04 | loss 1.0792 pol 1.0707 rf 0.0856 acc 71.3% | 14 it/s
step  39200 | lr 2.32e-04 | loss 1.1131 pol 1.1058 rf 0.0723 acc 69.8% | 14 it/s
step  39300 | lr 2.32e-04 | loss 1.0954 pol 1.0887 rf 0.0666 acc 70.1% | 14 it/s
step  39400 | lr 2.32e-04 | loss 1.0815 pol 1.0755 rf 0.0605 acc 71.1% | 14 it/s
step  39500 | lr 2.31e-04 | loss 1.0763 pol 1.0709 rf 0.0543 acc 71.5% | 14 it/s
step  39600 | lr 2.31e-04 | loss 1.0945 pol 1.0875 rf 0.0693 acc 69.9% | 14 it/s
step  39700 | lr 2.31e-04 | loss 1.0990 pol 1.0918 rf 0.0727 acc 69.7% | 14 it/s
step  39800 | lr 2.30e-04 | loss 1.1096 pol 1.1022 rf 0.0740 acc 69.7% | 14 it/s
step  39900 | lr 2.30e-04 | loss 1.1077 pol 1.0996 rf 0.0813 acc 70.1% | 14 it/s
step  40000 | lr 2.30e-04 | loss 1.1064 pol 1.0984 rf 0.0797 acc 69.5% | 14 it/s
[eval] step 40000 val_loss 1.0926 val_acc 71.0%
step  40100 | lr 2.29e-04 | loss 1.1036 pol 1.0962 rf 0.0745 acc 69.5% | 14 it/s
step  40200 | lr 2.29e-04 | loss 1.1105 pol 1.1026 rf 0.0792 acc 69.4% | 14 it/s
step  40300 | lr 2.29e-04 | loss 1.0967 pol 1.0892 rf 0.0749 acc 69.7% | 14 it/s
step  40400 | lr 2.28e-04 | loss 1.0975 pol 1.0900 rf 0.0744 acc 69.7% | 14 it/s
step  40500 | lr 2.28e-04 | loss 1.0834 pol 1.0758 rf 0.0758 acc 71.0% | 14 it/s
step  40600 | lr 2.28e-04 | loss 1.0785 pol 1.0733 rf 0.0514 acc 71.3% | 14 it/s
step  40700 | lr 2.27e-04 | loss 1.0761 pol 1.0711 rf 0.0498 acc 71.3% | 14 it/s
step  40800 | lr 2.27e-04 | loss 1.1055 pol 1.0981 rf 0.0735 acc 69.6% | 14 it/s
step  40900 | lr 2.26e-04 | loss 1.1048 pol 1.0970 rf 0.0783 acc 68.9% | 14 it/s
step  41000 | lr 2.26e-04 | loss 1.1127 pol 1.1063 rf 0.0633 acc 68.8% | 14 it/s
step  41100 | lr 2.26e-04 | loss 1.1053 pol 1.1007 rf 0.0458 acc 68.8% | 14 it/s
step  41200 | lr 2.25e-04 | loss 1.0973 pol 1.0906 rf 0.0666 acc 69.4% | 14 it/s
step  41300 | lr 2.25e-04 | loss 1.0981 pol 1.0924 rf 0.0573 acc 69.1% | 14 it/s
step  41400 | lr 2.25e-04 | loss 1.1111 pol 1.1063 rf 0.0486 acc 68.5% | 14 it/s
step  41500 | lr 2.24e-04 | loss 1.1004 pol 1.0933 rf 0.0709 acc 69.8% | 14 it/s
step  41600 | lr 2.24e-04 | loss 1.0924 pol 1.0844 rf 0.0805 acc 70.5% | 14 it/s
step  41700 | lr 2.24e-04 | loss 1.1022 pol 1.0946 rf 0.0758 acc 69.9% | 14 it/s
step  41800 | lr 2.23e-04 | loss 1.0889 pol 1.0803 rf 0.0868 acc 70.8% | 14 it/s
step  41900 | lr 2.23e-04 | loss 1.0990 pol 1.0912 rf 0.0781 acc 69.5% | 14 it/s
step  42000 | lr 2.23e-04 | loss 1.1048 pol 1.0973 rf 0.0750 acc 68.8% | 14 it/s
[eval] step 42000 val_loss 1.1463 val_acc 70.3%
step  42100 | lr 2.22e-04 | loss 1.1035 pol 1.0960 rf 0.0747 acc 69.0% | 14 it/s
step  42200 | lr 2.22e-04 | loss 1.0933 pol 1.0856 rf 0.0768 acc 69.6% | 14 it/s
step  42300 | lr 2.22e-04 | loss 1.0940 pol 1.0860 rf 0.0794 acc 69.9% | 14 it/s
step  42400 | lr 2.21e-04 | loss 1.0887 pol 1.0822 rf 0.0653 acc 70.7% | 14 it/s
step  42500 | lr 2.21e-04 | loss 1.0948 pol 1.0885 rf 0.0633 acc 70.2% | 14 it/s
step  42600 | lr 2.21e-04 | loss 1.1053 pol 1.0975 rf 0.0785 acc 69.6% | 14 it/s
step  42700 | lr 2.20e-04 | loss 1.0859 pol 1.0770 rf 0.0888 acc 70.9% | 14 it/s
step  42800 | lr 2.20e-04 | loss 1.1072 pol 1.0994 rf 0.0783 acc 69.3% | 14 it/s
step  42900 | lr 2.20e-04 | loss 1.1219 pol 1.1147 rf 0.0721 acc 68.8% | 14 it/s
step  43000 | lr 2.19e-04 | loss 1.1196 pol 1.1134 rf 0.0612 acc 68.5% | 14 it/s
step  43100 | lr 2.19e-04 | loss 1.1104 pol 1.1056 rf 0.0480 acc 68.7% | 14 it/s
step  43200 | lr 2.18e-04 | loss 1.1091 pol 1.1029 rf 0.0621 acc 69.2% | 14 it/s
step  43300 | lr 2.18e-04 | loss 1.0948 pol 1.0876 rf 0.0722 acc 70.2% | 14 it/s
step  43400 | lr 2.18e-04 | loss 1.0992 pol 1.0924 rf 0.0681 acc 70.4% | 14 it/s
step  43500 | lr 2.17e-04 | loss 1.0700 pol 1.0651 rf 0.0487 acc 71.8% | 14 it/s
step  43600 | lr 2.17e-04 | loss 1.0732 pol 1.0682 rf 0.0504 acc 71.6% | 14 it/s
step  43700 | lr 2.17e-04 | loss 1.1124 pol 1.1076 rf 0.0480 acc 68.9% | 14 it/s
step  43800 | lr 2.16e-04 | loss 1.1108 pol 1.1060 rf 0.0479 acc 69.0% | 14 it/s
step  43900 | lr 2.16e-04 | loss 1.0846 pol 1.0776 rf 0.0708 acc 71.1% | 14 it/s
step  44000 | lr 2.16e-04 | loss 1.1090 pol 1.1011 rf 0.0787 acc 69.3% | 14 it/s
[eval] step 44000 val_loss 1.1401 val_acc 70.2%
step  44100 | lr 2.15e-04 | loss 1.1016 pol 1.0940 rf 0.0767 acc 69.6% | 14 it/s
step  44200 | lr 2.15e-04 | loss 1.0976 pol 1.0901 rf 0.0743 acc 70.1% | 14 it/s
step  44300 | lr 2.15e-04 | loss 1.0953 pol 1.0882 rf 0.0706 acc 69.9% | 14 it/s
step  44400 | lr 2.14e-04 | loss 1.0882 pol 1.0809 rf 0.0731 acc 69.8% | 14 it/s
step  44500 | lr 2.14e-04 | loss 1.1024 pol 1.0956 rf 0.0675 acc 69.4% | 14 it/s
step  44600 | lr 2.13e-04 | loss 1.0983 pol 1.0911 rf 0.0718 acc 69.8% | 14 it/s
step  44700 | lr 2.13e-04 | loss 1.0925 pol 1.0852 rf 0.0734 acc 69.9% | 14 it/s
step  44800 | lr 2.13e-04 | loss 1.1022 pol 1.0948 rf 0.0735 acc 69.9% | 14 it/s
step  44900 | lr 2.12e-04 | loss 1.1061 pol 1.0984 rf 0.0769 acc 69.6% | 14 it/s
step  45000 | lr 2.12e-04 | loss 1.0958 pol 1.0878 rf 0.0804 acc 69.7% | 14 it/s
step  45100 | lr 2.12e-04 | loss 1.0896 pol 1.0819 rf 0.0771 acc 69.7% | 14 it/s
step  45200 | lr 2.11e-04 | loss 1.0922 pol 1.0858 rf 0.0637 acc 70.1% | 14 it/s
step  45300 | lr 2.11e-04 | loss 1.0665 pol 1.0613 rf 0.0511 acc 71.9% | 14 it/s
step  45400 | lr 2.11e-04 | loss 1.0769 pol 1.0713 rf 0.0562 acc 71.2% | 14 it/s
step  45500 | lr 2.10e-04 | loss 1.0929 pol 1.0861 rf 0.0684 acc 70.0% | 14 it/s
step  45600 | lr 2.10e-04 | loss 1.0897 pol 1.0822 rf 0.0751 acc 70.4% | 14 it/s
step  45700 | lr 2.09e-04 | loss 1.0857 pol 1.0773 rf 0.0837 acc 70.9% | 14 it/s
step  45800 | lr 2.09e-04 | loss 1.1005 pol 1.0928 rf 0.0769 acc 70.5% | 14 it/s
step  45900 | lr 2.09e-04 | loss 1.1003 pol 1.0936 rf 0.0665 acc 70.2% | 14 it/s
step  46000 | lr 2.08e-04 | loss 1.0880 pol 1.0799 rf 0.0815 acc 70.9% | 14 it/s
[eval] step 46000 val_loss 1.0831 val_acc 71.2%
  -> saved best (1.0831)
step  46100 | lr 2.08e-04 | loss 1.0943 pol 1.0858 rf 0.0854 acc 70.1% | 14 it/s
step  46200 | lr 2.08e-04 | loss 1.1076 pol 1.0998 rf 0.0772 acc 69.3% | 14 it/s
step  46300 | lr 2.07e-04 | loss 1.1062 pol 1.0989 rf 0.0726 acc 69.8% | 14 it/s
step  46400 | lr 2.07e-04 | loss 1.0862 pol 1.0783 rf 0.0794 acc 70.3% | 14 it/s
step  46500 | lr 2.06e-04 | loss 1.0899 pol 1.0823 rf 0.0765 acc 70.3% | 14 it/s
step  46600 | lr 2.06e-04 | loss 1.0940 pol 1.0872 rf 0.0676 acc 70.0% | 14 it/s
step  46700 | lr 2.06e-04 | loss 1.0948 pol 1.0868 rf 0.0802 acc 70.1% | 14 it/s
step  46800 | lr 2.05e-04 | loss 1.0893 pol 1.0817 rf 0.0761 acc 70.2% | 14 it/s
step  46900 | lr 2.05e-04 | loss 1.0982 pol 1.0903 rf 0.0790 acc 69.3% | 14 it/s
step  47000 | lr 2.05e-04 | loss 1.0915 pol 1.0847 rf 0.0676 acc 69.4% | 14 it/s
step  47100 | lr 2.04e-04 | loss 1.1003 pol 1.0928 rf 0.0746 acc 69.1% | 14 it/s
step  47200 | lr 2.04e-04 | loss 1.0953 pol 1.0885 rf 0.0681 acc 69.2% | 14 it/s
step  47300 | lr 2.04e-04 | loss 1.1004 pol 1.0929 rf 0.0749 acc 69.1% | 14 it/s
step  47400 | lr 2.03e-04 | loss 1.0998 pol 1.0926 rf 0.0724 acc 69.0% | 14 it/s
step  47500 | lr 2.03e-04 | loss 1.1036 pol 1.0962 rf 0.0737 acc 68.8% | 14 it/s
step  47600 | lr 2.02e-04 | loss 1.0939 pol 1.0858 rf 0.0808 acc 70.0% | 14 it/s
step  47700 | lr 2.02e-04 | loss 1.0907 pol 1.0830 rf 0.0777 acc 70.0% | 14 it/s
step  47800 | lr 2.02e-04 | loss 1.0993 pol 1.0922 rf 0.0710 acc 69.1% | 14 it/s
step  47900 | lr 2.01e-04 | loss 1.0994 pol 1.0923 rf 0.0707 acc 69.9% | 14 it/s
step  48000 | lr 2.01e-04 | loss 1.1030 pol 1.0953 rf 0.0769 acc 69.8% | 14 it/s
[eval] step 48000 val_loss 1.1383 val_acc 70.8%
step  48100 | lr 2.01e-04 | loss 1.0979 pol 1.0898 rf 0.0810 acc 69.9% | 14 it/s
step  48200 | lr 2.00e-04 | loss 1.0920 pol 1.0857 rf 0.0631 acc 70.5% | 14 it/s
step  48300 | lr 2.00e-04 | loss 1.0866 pol 1.0806 rf 0.0595 acc 71.2% | 14 it/s
step  48400 | lr 1.99e-04 | loss 1.0954 pol 1.0881 rf 0.0734 acc 70.3% | 14 it/s
step  48500 | lr 1.99e-04 | loss 1.0908 pol 1.0833 rf 0.0754 acc 70.1% | 14 it/s
step  48600 | lr 1.99e-04 | loss 1.0976 pol 1.0904 rf 0.0724 acc 70.1% | 14 it/s
step  48700 | lr 1.98e-04 | loss 1.0835 pol 1.0755 rf 0.0797 acc 70.9% | 14 it/s
step  48800 | lr 1.98e-04 | loss 1.0854 pol 1.0773 rf 0.0812 acc 71.1% | 14 it/s
step  48900 | lr 1.97e-04 | loss 1.0929 pol 1.0859 rf 0.0699 acc 70.5% | 14 it/s
step  49000 | lr 1.97e-04 | loss 1.1030 pol 1.0964 rf 0.0660 acc 69.6% | 14 it/s
step  49100 | lr 1.97e-04 | loss 1.1075 pol 1.1027 rf 0.0479 acc 68.7% | 14 it/s
step  49200 | lr 1.96e-04 | loss 1.1109 pol 1.1045 rf 0.0636 acc 68.6% | 14 it/s
step  49300 | lr 1.96e-04 | loss 1.1080 pol 1.1000 rf 0.0797 acc 69.2% | 14 it/s
step  49400 | lr 1.96e-04 | loss 1.1107 pol 1.1036 rf 0.0716 acc 69.7% | 14 it/s
step  49500 | lr 1.95e-04 | loss 1.1090 pol 1.1013 rf 0.0769 acc 68.6% | 14 it/s
step  49600 | lr 1.95e-04 | loss 1.0960 pol 1.0885 rf 0.0752 acc 69.3% | 14 it/s
step  49700 | lr 1.94e-04 | loss 1.1113 pol 1.1060 rf 0.0526 acc 69.0% | 14 it/s
step  49800 | lr 1.94e-04 | loss 1.1136 pol 1.1089 rf 0.0467 acc 68.7% | 14 it/s
step  49900 | lr 1.94e-04 | loss 1.1034 pol 1.0963 rf 0.0705 acc 68.9% | 14 it/s
step  50000 | lr 1.93e-04 | loss 1.1029 pol 1.0957 rf 0.0724 acc 69.1% | 14 it/s
[eval] step 50000 val_loss 1.1233 val_acc 70.4%
step  50100 | lr 1.93e-04 | loss 1.1000 pol 1.0928 rf 0.0717 acc 69.6% | 14 it/s
step  50200 | lr 1.93e-04 | loss 1.0949 pol 1.0870 rf 0.0793 acc 70.4% | 14 it/s
step  50300 | lr 1.92e-04 | loss 1.0865 pol 1.0792 rf 0.0730 acc 70.5% | 14 it/s
step  50400 | lr 1.92e-04 | loss 1.0883 pol 1.0814 rf 0.0693 acc 70.3% | 14 it/s
step  50500 | lr 1.91e-04 | loss 1.1201 pol 1.1149 rf 0.0516 acc 68.3% | 14 it/s
step  50600 | lr 1.91e-04 | loss 1.1110 pol 1.1058 rf 0.0513 acc 69.0% | 14 it/s
step  50700 | lr 1.91e-04 | loss 1.0925 pol 1.0864 rf 0.0608 acc 70.9% | 14 it/s
step  50800 | lr 1.90e-04 | loss 1.0989 pol 1.0923 rf 0.0660 acc 70.5% | 14 it/s
step  50900 | lr 1.90e-04 | loss 1.0922 pol 1.0858 rf 0.0639 acc 70.6% | 14 it/s
step  51000 | lr 1.89e-04 | loss 1.0902 pol 1.0839 rf 0.0629 acc 70.7% | 14 it/s
step  51100 | lr 1.89e-04 | loss 1.0877 pol 1.0818 rf 0.0590 acc 71.0% | 14 it/s
step  51200 | lr 1.89e-04 | loss 1.0934 pol 1.0871 rf 0.0628 acc 70.2% | 14 it/s
step  51300 | lr 1.88e-04 | loss 1.0963 pol 1.0895 rf 0.0674 acc 69.5% | 14 it/s
step  51400 | lr 1.88e-04 | loss 1.0807 pol 1.0753 rf 0.0538 acc 71.3% | 14 it/s
step  51500 | lr 1.88e-04 | loss 1.0888 pol 1.0828 rf 0.0593 acc 70.7% | 14 it/s
step  51600 | lr 1.87e-04 | loss 1.0972 pol 1.0902 rf 0.0705 acc 69.4% | 14 it/s
step  51700 | lr 1.87e-04 | loss 1.0821 pol 1.0766 rf 0.0559 acc 71.1% | 14 it/s
step  51800 | lr 1.86e-04 | loss 1.0865 pol 1.0806 rf 0.0586 acc 70.8% | 14 it/s
step  51900 | lr 1.86e-04 | loss 1.0897 pol 1.0825 rf 0.0713 acc 69.8% | 14 it/s
step  52000 | lr 1.86e-04 | loss 1.0916 pol 1.0832 rf 0.0840 acc 70.7% | 14 it/s
[eval] step 52000 val_loss 1.0821 val_acc 71.1%
  -> saved best (1.0821)
step  52100 | lr 1.85e-04 | loss 1.0875 pol 1.0805 rf 0.0698 acc 70.4% | 14 it/s
step  52200 | lr 1.85e-04 | loss 1.0956 pol 1.0883 rf 0.0729 acc 70.1% | 14 it/s
step  52300 | lr 1.84e-04 | loss 1.0911 pol 1.0833 rf 0.0774 acc 70.1% | 14 it/s
step  52400 | lr 1.84e-04 | loss 1.1026 pol 1.0953 rf 0.0733 acc 69.8% | 14 it/s
step  52500 | lr 1.84e-04 | loss 1.0911 pol 1.0850 rf 0.0617 acc 70.6% | 14 it/s
step  52600 | lr 1.83e-04 | loss 1.0729 pol 1.0679 rf 0.0504 acc 71.6% | 14 it/s
step  52700 | lr 1.83e-04 | loss 1.0816 pol 1.0755 rf 0.0613 acc 70.8% | 14 it/s
step  52800 | lr 1.82e-04 | loss 1.1057 pol 1.0976 rf 0.0803 acc 69.0% | 14 it/s
step  52900 | lr 1.82e-04 | loss 1.1035 pol 1.0958 rf 0.0761 acc 69.2% | 14 it/s
step  53000 | lr 1.82e-04 | loss 1.0834 pol 1.0744 rf 0.0895 acc 71.3% | 14 it/s
step  53100 | lr 1.81e-04 | loss 1.1073 pol 1.0990 rf 0.0823 acc 69.0% | 14 it/s
step  53200 | lr 1.81e-04 | loss 1.1016 pol 1.0940 rf 0.0754 acc 68.9% | 14 it/s
step  53300 | lr 1.81e-04 | loss 1.0882 pol 1.0808 rf 0.0732 acc 69.7% | 14 it/s
step  53400 | lr 1.80e-04 | loss 1.1095 pol 1.1021 rf 0.0742 acc 69.4% | 14 it/s
step  53500 | lr 1.80e-04 | loss 1.1058 pol 1.0991 rf 0.0673 acc 70.0% | 14 it/s
step  53600 | lr 1.79e-04 | loss 1.1233 pol 1.1161 rf 0.0715 acc 68.7% | 14 it/s
step  53700 | lr 1.79e-04 | loss 1.1083 pol 1.1011 rf 0.0727 acc 68.8% | 14 it/s
step  53800 | lr 1.79e-04 | loss 1.0958 pol 1.0888 rf 0.0703 acc 69.3% | 14 it/s
step  53900 | lr 1.78e-04 | loss 1.1102 pol 1.1029 rf 0.0725 acc 69.1% | 14 it/s
step  54000 | lr 1.78e-04 | loss 1.1167 pol 1.1098 rf 0.0692 acc 69.0% | 14 it/s
[eval] step 54000 val_loss 1.1048 val_acc 70.9%
step  54100 | lr 1.77e-04 | loss 1.0964 pol 1.0889 rf 0.0753 acc 69.6% | 14 it/s
step  54200 | lr 1.77e-04 | loss 1.1045 pol 1.0969 rf 0.0756 acc 68.7% | 14 it/s
step  54300 | lr 1.77e-04 | loss 1.0992 pol 1.0915 rf 0.0771 acc 69.4% | 14 it/s
step  54400 | lr 1.76e-04 | loss 1.0923 pol 1.0845 rf 0.0783 acc 70.0% | 14 it/s
step  54500 | lr 1.76e-04 | loss 1.0956 pol 1.0880 rf 0.0764 acc 69.4% | 14 it/s
step  54600 | lr 1.75e-04 | loss 1.0984 pol 1.0908 rf 0.0763 acc 69.7% | 14 it/s
step  54700 | lr 1.75e-04 | loss 1.0899 pol 1.0822 rf 0.0776 acc 70.6% | 14 it/s
step  54800 | lr 1.75e-04 | loss 1.0953 pol 1.0876 rf 0.0774 acc 70.1% | 14 it/s
step  54900 | lr 1.74e-04 | loss 1.0954 pol 1.0877 rf 0.0777 acc 70.2% | 14 it/s
step  55000 | lr 1.74e-04 | loss 1.0856 pol 1.0785 rf 0.0713 acc 70.7% | 14 it/s
step  55100 | lr 1.73e-04 | loss 1.1132 pol 1.1055 rf 0.0767 acc 68.5% | 14 it/s
step  55200 | lr 1.73e-04 | loss 1.1153 pol 1.1083 rf 0.0696 acc 69.0% | 14 it/s
step  55300 | lr 1.73e-04 | loss 1.1016 pol 1.0957 rf 0.0598 acc 69.9% | 14 it/s
step  55400 | lr 1.72e-04 | loss 1.0745 pol 1.0695 rf 0.0505 acc 71.6% | 14 it/s
step  55500 | lr 1.72e-04 | loss 1.0905 pol 1.0859 rf 0.0465 acc 70.1% | 14 it/s
step  55600 | lr 1.71e-04 | loss 1.0996 pol 1.0948 rf 0.0481 acc 69.1% | 14 it/s
step  55700 | lr 1.71e-04 | loss 1.0982 pol 1.0927 rf 0.0552 acc 69.8% | 14 it/s
step  55800 | lr 1.71e-04 | loss 1.0818 pol 1.0758 rf 0.0594 acc 71.3% | 14 it/s
step  55900 | lr 1.70e-04 | loss 1.0932 pol 1.0863 rf 0.0694 acc 70.5% | 14 it/s
step  56000 | lr 1.70e-04 | loss 1.0927 pol 1.0854 rf 0.0732 acc 70.2% | 14 it/s
[eval] step 56000 val_loss 1.0852 val_acc 71.0%
step  56100 | lr 1.70e-04 | loss 1.0927 pol 1.0861 rf 0.0660 acc 70.2% | 14 it/s
step  56200 | lr 1.69e-04 | loss 1.1199 pol 1.1148 rf 0.0507 acc 68.5% | 14 it/s
step  56300 | lr 1.69e-04 | loss 1.1158 pol 1.1107 rf 0.0513 acc 68.4% | 14 it/s
step  56400 | lr 1.68e-04 | loss 1.0946 pol 1.0875 rf 0.0708 acc 69.4% | 14 it/s
step  56500 | lr 1.68e-04 | loss 1.0952 pol 1.0863 rf 0.0881 acc 70.9% | 14 it/s
step  56600 | lr 1.68e-04 | loss 1.1071 pol 1.0995 rf 0.0764 acc 69.7% | 14 it/s
step  56700 | lr 1.67e-04 | loss 1.1054 pol 1.0980 rf 0.0735 acc 69.3% | 14 it/s
step  56800 | lr 1.67e-04 | loss 1.1081 pol 1.1008 rf 0.0723 acc 69.3% | 14 it/s
step  56900 | lr 1.66e-04 | loss 1.0812 pol 1.0728 rf 0.0847 acc 71.3% | 14 it/s
step  57000 | lr 1.66e-04 | loss 1.1173 pol 1.1092 rf 0.0809 acc 68.5% | 14 it/s
step  57100 | lr 1.66e-04 | loss 1.0886 pol 1.0827 rf 0.0593 acc 70.9% | 14 it/s
step  57200 | lr 1.65e-04 | loss 1.0816 pol 1.0766 rf 0.0503 acc 71.3% | 14 it/s
step  57300 | lr 1.65e-04 | loss 1.1038 pol 1.0963 rf 0.0747 acc 69.6% | 14 it/s
step  57400 | lr 1.64e-04 | loss 1.0950 pol 1.0870 rf 0.0797 acc 69.8% | 14 it/s
step  57500 | lr 1.64e-04 | loss 1.0876 pol 1.0798 rf 0.0778 acc 70.1% | 14 it/s
step  57600 | lr 1.64e-04 | loss 1.0925 pol 1.0851 rf 0.0739 acc 69.7% | 14 it/s
step  57700 | lr 1.63e-04 | loss 1.1028 pol 1.0956 rf 0.0718 acc 69.1% | 14 it/s
step  57800 | lr 1.63e-04 | loss 1.1080 pol 1.1008 rf 0.0723 acc 68.9% | 14 it/s
step  57900 | lr 1.62e-04 | loss 1.1051 pol 1.0970 rf 0.0815 acc 69.3% | 14 it/s
step  58000 | lr 1.62e-04 | loss 1.0937 pol 1.0849 rf 0.0871 acc 70.7% | 14 it/s
[eval] step 58000 val_loss 1.0811 val_acc 71.2%
  -> saved best (1.0811)
step  58100 | lr 1.62e-04 | loss 1.0965 pol 1.0889 rf 0.0763 acc 70.1% | 14 it/s
step  58200 | lr 1.61e-04 | loss 1.0903 pol 1.0828 rf 0.0747 acc 70.0% | 14 it/s
step  58300 | lr 1.61e-04 | loss 1.1042 pol 1.0968 rf 0.0734 acc 68.9% | 14 it/s
step  58400 | lr 1.60e-04 | loss 1.0964 pol 1.0888 rf 0.0756 acc 69.3% | 14 it/s
step  58500 | lr 1.60e-04 | loss 1.1067 pol 1.0990 rf 0.0768 acc 68.7% | 14 it/s
step  58600 | lr 1.60e-04 | loss 1.1020 pol 1.0953 rf 0.0668 acc 69.6% | 14 it/s
step  58700 | lr 1.59e-04 | loss 1.0842 pol 1.0791 rf 0.0515 acc 71.1% | 14 it/s
step  58800 | lr 1.59e-04 | loss 1.0893 pol 1.0831 rf 0.0624 acc 70.4% | 14 it/s
step  58900 | lr 1.58e-04 | loss 1.0948 pol 1.0880 rf 0.0683 acc 69.6% | 14 it/s
step  59000 | lr 1.58e-04 | loss 1.0872 pol 1.0817 rf 0.0550 acc 71.1% | 14 it/s
step  59100 | lr 1.58e-04 | loss 1.0838 pol 1.0782 rf 0.0563 acc 71.1% | 14 it/s
step  59200 | lr 1.57e-04 | loss 1.0813 pol 1.0750 rf 0.0623 acc 71.0% | 14 it/s
step  59300 | lr 1.57e-04 | loss 1.0978 pol 1.0905 rf 0.0734 acc 69.7% | 14 it/s
step  59400 | lr 1.56e-04 | loss 1.0921 pol 1.0837 rf 0.0845 acc 70.7% | 14 it/s
step  59500 | lr 1.56e-04 | loss 1.0855 pol 1.0775 rf 0.0800 acc 71.1% | 14 it/s
step  59600 | lr 1.56e-04 | loss 1.0958 pol 1.0887 rf 0.0708 acc 70.6% | 14 it/s
step  59700 | lr 1.55e-04 | loss 1.1052 pol 1.0985 rf 0.0664 acc 69.9% | 14 it/s
step  59800 | lr 1.55e-04 | loss 1.1000 pol 1.0927 rf 0.0727 acc 70.4% | 14 it/s
step  59900 | lr 1.54e-04 | loss 1.1011 pol 1.0943 rf 0.0680 acc 69.3% | 14 it/s
step  60000 | lr 1.54e-04 | loss 1.1049 pol 1.0982 rf 0.0674 acc 69.0% | 14 it/s
[eval] step 60000 val_loss 1.1142 val_acc 70.8%
step  60100 | lr 1.54e-04 | loss 1.1004 pol 1.0940 rf 0.0637 acc 69.4% | 14 it/s
step  60200 | lr 1.53e-04 | loss 1.0857 pol 1.0795 rf 0.0621 acc 71.1% | 14 it/s
step  60300 | lr 1.53e-04 | loss 1.0888 pol 1.0825 rf 0.0631 acc 71.0% | 14 it/s
step  60400 | lr 1.52e-04 | loss 1.0741 pol 1.0677 rf 0.0638 acc 71.5% | 14 it/s
step  60500 | lr 1.52e-04 | loss 1.0951 pol 1.0885 rf 0.0655 acc 70.5% | 14 it/s
step  60600 | lr 1.52e-04 | loss 1.0935 pol 1.0863 rf 0.0711 acc 69.8% | 14 it/s
step  60700 | lr 1.51e-04 | loss 1.0948 pol 1.0875 rf 0.0723 acc 69.3% | 14 it/s
step  60800 | lr 1.51e-04 | loss 1.0950 pol 1.0877 rf 0.0733 acc 69.5% | 14 it/s
step  60900 | lr 1.50e-04 | loss 1.0950 pol 1.0874 rf 0.0760 acc 69.7% | 14 it/s
step  61000 | lr 1.50e-04 | loss 1.1015 pol 1.0932 rf 0.0830 acc 70.1% | 14 it/s
step  61100 | lr 1.50e-04 | loss 1.0944 pol 1.0858 rf 0.0866 acc 70.5% | 14 it/s
step  61200 | lr 1.49e-04 | loss 1.1007 pol 1.0931 rf 0.0759 acc 69.0% | 14 it/s
step  61300 | lr 1.49e-04 | loss 1.0818 pol 1.0744 rf 0.0744 acc 70.3% | 14 it/s
step  61400 | lr 1.48e-04 | loss 1.0869 pol 1.0799 rf 0.0702 acc 70.1% | 14 it/s
step  61500 | lr 1.48e-04 | loss 1.0824 pol 1.0753 rf 0.0710 acc 70.3% | 14 it/s
step  61600 | lr 1.48e-04 | loss 1.0876 pol 1.0803 rf 0.0732 acc 70.3% | 14 it/s
step  61700 | lr 1.47e-04 | loss 1.0935 pol 1.0861 rf 0.0734 acc 70.3% | 14 it/s
step  61800 | lr 1.47e-04 | loss 1.1202 pol 1.1131 rf 0.0715 acc 68.9% | 14 it/s
step  61900 | lr 1.46e-04 | loss 1.1136 pol 1.1069 rf 0.0666 acc 69.5% | 14 it/s
step  62000 | lr 1.46e-04 | loss 1.1149 pol 1.1081 rf 0.0675 acc 69.4% | 14 it/s
[eval] step 62000 val_loss 1.1063 val_acc 71.0%
step  62100 | lr 1.46e-04 | loss 1.1114 pol 1.1066 rf 0.0481 acc 68.5% | 14 it/s
step  62200 | lr 1.45e-04 | loss 1.1102 pol 1.1045 rf 0.0562 acc 68.5% | 14 it/s
step  62300 | lr 1.45e-04 | loss 1.1047 pol 1.0978 rf 0.0693 acc 69.0% | 14 it/s
step  62400 | lr 1.44e-04 | loss 1.0886 pol 1.0819 rf 0.0675 acc 70.4% | 14 it/s
step  62500 | lr 1.44e-04 | loss 1.1002 pol 1.0930 rf 0.0716 acc 70.1% | 14 it/s
step  62600 | lr 1.44e-04 | loss 1.0971 pol 1.0898 rf 0.0736 acc 70.0% | 14 it/s
step  62700 | lr 1.43e-04 | loss 1.0983 pol 1.0920 rf 0.0636 acc 69.9% | 14 it/s
step  62800 | lr 1.43e-04 | loss 1.0769 pol 1.0714 rf 0.0550 acc 71.3% | 14 it/s
step  62900 | lr 1.42e-04 | loss 1.1033 pol 1.0969 rf 0.0646 acc 70.0% | 14 it/s
step  63000 | lr 1.42e-04 | loss 1.0933 pol 1.0848 rf 0.0849 acc 70.8% | 14 it/s
step  63100 | lr 1.42e-04 | loss 1.0870 pol 1.0784 rf 0.0864 acc 70.9% | 14 it/s
step  63200 | lr 1.41e-04 | loss 1.0881 pol 1.0803 rf 0.0783 acc 70.3% | 14 it/s
step  63300 | lr 1.41e-04 | loss 1.1002 pol 1.0940 rf 0.0619 acc 69.6% | 14 it/s
step  63400 | lr 1.40e-04 | loss 1.1142 pol 1.1091 rf 0.0510 acc 68.8% | 14 it/s
step  63500 | lr 1.40e-04 | loss 1.1041 pol 1.0979 rf 0.0619 acc 69.1% | 14 it/s
step  63600 | lr 1.40e-04 | loss 1.0925 pol 1.0860 rf 0.0651 acc 69.3% | 14 it/s
step  63700 | lr 1.39e-04 | loss 1.1020 pol 1.0971 rf 0.0491 acc 68.9% | 14 it/s
step  63800 | lr 1.39e-04 | loss 1.1100 pol 1.1036 rf 0.0631 acc 68.7% | 14 it/s
step  63900 | lr 1.38e-04 | loss 1.1068 pol 1.0997 rf 0.0710 acc 68.7% | 14 it/s
step  64000 | lr 1.38e-04 | loss 1.1099 pol 1.1050 rf 0.0491 acc 68.8% | 14 it/s
[eval] step 64000 val_loss 1.1343 val_acc 70.4%
step  64100 | lr 1.38e-04 | loss 1.1105 pol 1.1047 rf 0.0589 acc 68.8% | 14 it/s
step  64200 | lr 1.37e-04 | loss 1.1093 pol 1.1009 rf 0.0843 acc 69.1% | 14 it/s
step  64300 | lr 1.37e-04 | loss 1.0969 pol 1.0894 rf 0.0754 acc 69.2% | 14 it/s
step  64400 | lr 1.36e-04 | loss 1.0826 pol 1.0767 rf 0.0586 acc 71.2% | 14 it/s
step  64500 | lr 1.36e-04 | loss 1.0852 pol 1.0789 rf 0.0622 acc 70.5% | 14 it/s
step  64600 | lr 1.36e-04 | loss 1.0980 pol 1.0907 rf 0.0727 acc 69.2% | 14 it/s
step  64700 | lr 1.35e-04 | loss 1.1066 pol 1.0993 rf 0.0732 acc 68.7% | 14 it/s
step  64800 | lr 1.35e-04 | loss 1.1073 pol 1.1025 rf 0.0482 acc 68.7% | 14 it/s
step  64900 | lr 1.34e-04 | loss 1.1086 pol 1.1032 rf 0.0537 acc 68.6% | 14 it/s
step  65000 | lr 1.34e-04 | loss 1.1081 pol 1.1000 rf 0.0807 acc 69.2% | 14 it/s
step  65100 | lr 1.34e-04 | loss 1.1042 pol 1.0994 rf 0.0485 acc 68.9% | 14 it/s
step  65200 | lr 1.33e-04 | loss 1.1009 pol 1.0964 rf 0.0444 acc 68.9% | 14 it/s
step  65300 | lr 1.33e-04 | loss 1.0989 pol 1.0911 rf 0.0778 acc 69.7% | 14 it/s
step  65400 | lr 1.32e-04 | loss 1.0868 pol 1.0792 rf 0.0762 acc 70.4% | 14 it/s
step  65500 | lr 1.32e-04 | loss 1.1003 pol 1.0935 rf 0.0678 acc 70.4% | 14 it/s
step  65600 | lr 1.32e-04 | loss 1.0912 pol 1.0845 rf 0.0675 acc 70.6% | 14 it/s
step  65700 | lr 1.31e-04 | loss 1.0943 pol 1.0869 rf 0.0739 acc 69.5% | 14 it/s
step  65800 | lr 1.31e-04 | loss 1.1098 pol 1.1022 rf 0.0760 acc 68.4% | 14 it/s
step  65900 | lr 1.30e-04 | loss 1.0908 pol 1.0852 rf 0.0553 acc 70.5% | 14 it/s
step  66000 | lr 1.30e-04 | loss 1.0852 pol 1.0786 rf 0.0662 acc 70.5% | 14 it/s
[eval] step 66000 val_loss 1.0836 val_acc 71.1%
step  66100 | lr 1.30e-04 | loss 1.0946 pol 1.0874 rf 0.0719 acc 70.2% | 14 it/s
step  66200 | lr 1.29e-04 | loss 1.1051 pol 1.0976 rf 0.0743 acc 70.0% | 14 it/s
step  66300 | lr 1.29e-04 | loss 1.0989 pol 1.0916 rf 0.0727 acc 69.7% | 14 it/s
step  66400 | lr 1.29e-04 | loss 1.1036 pol 1.0966 rf 0.0694 acc 69.6% | 14 it/s
step  66500 | lr 1.28e-04 | loss 1.0744 pol 1.0696 rf 0.0479 acc 71.4% | 14 it/s
step  66600 | lr 1.28e-04 | loss 1.0944 pol 1.0877 rf 0.0669 acc 69.8% | 14 it/s
step  66700 | lr 1.27e-04 | loss 1.1013 pol 1.0936 rf 0.0767 acc 69.7% | 14 it/s
step  66800 | lr 1.27e-04 | loss 1.0857 pol 1.0780 rf 0.0772 acc 70.8% | 14 it/s
step  66900 | lr 1.27e-04 | loss 1.0798 pol 1.0743 rf 0.0543 acc 71.3% | 14 it/s
step  67000 | lr 1.26e-04 | loss 1.1007 pol 1.0935 rf 0.0726 acc 69.3% | 14 it/s
step  67100 | lr 1.26e-04 | loss 1.0963 pol 1.0879 rf 0.0846 acc 70.4% | 14 it/s
step  67200 | lr 1.25e-04 | loss 1.0969 pol 1.0888 rf 0.0809 acc 70.1% | 14 it/s
step  67300 | lr 1.25e-04 | loss 1.0942 pol 1.0873 rf 0.0695 acc 70.0% | 14 it/s
step  67400 | lr 1.25e-04 | loss 1.0792 pol 1.0742 rf 0.0499 acc 71.3% | 14 it/s
step  67500 | lr 1.24e-04 | loss 1.1029 pol 1.0967 rf 0.0622 acc 69.8% | 14 it/s
step  67600 | lr 1.24e-04 | loss 1.0990 pol 1.0920 rf 0.0702 acc 70.1% | 14 it/s
step  67700 | lr 1.23e-04 | loss 1.0972 pol 1.0899 rf 0.0722 acc 70.0% | 14 it/s
step  67800 | lr 1.23e-04 | loss 1.1013 pol 1.0937 rf 0.0766 acc 69.0% | 14 it/s
step  67900 | lr 1.23e-04 | loss 1.1080 pol 1.1016 rf 0.0646 acc 69.8% | 14 it/s
step  68000 | lr 1.22e-04 | loss 1.0931 pol 1.0859 rf 0.0724 acc 69.7% | 14 it/s
[eval] step 68000 val_loss 1.1363 val_acc 70.6%
step  68100 | lr 1.22e-04 | loss 1.1047 pol 1.0976 rf 0.0708 acc 69.8% | 14 it/s
step  68200 | lr 1.21e-04 | loss 1.1071 pol 1.1001 rf 0.0703 acc 70.0% | 14 it/s
step  68300 | lr 1.21e-04 | loss 1.0995 pol 1.0924 rf 0.0702 acc 70.3% | 14 it/s
step  68400 | lr 1.21e-04 | loss 1.0835 pol 1.0754 rf 0.0813 acc 71.1% | 14 it/s
step  68500 | lr 1.20e-04 | loss 1.0924 pol 1.0844 rf 0.0800 acc 70.3% | 14 it/s
step  68600 | lr 1.20e-04 | loss 1.0918 pol 1.0841 rf 0.0774 acc 70.1% | 14 it/s
step  68700 | lr 1.19e-04 | loss 1.1014 pol 1.0948 rf 0.0660 acc 69.8% | 14 it/s
step  68800 | lr 1.19e-04 | loss 1.0964 pol 1.0894 rf 0.0699 acc 70.2% | 14 it/s
step  68900 | lr 1.19e-04 | loss 1.1054 pol 1.0977 rf 0.0772 acc 69.0% | 14 it/s
step  69000 | lr 1.18e-04 | loss 1.1060 pol 1.0987 rf 0.0730 acc 68.8% | 14 it/s
step  69100 | lr 1.18e-04 | loss 1.0984 pol 1.0910 rf 0.0735 acc 69.6% | 14 it/s
step  69200 | lr 1.18e-04 | loss 1.0943 pol 1.0871 rf 0.0727 acc 70.2% | 14 it/s
step  69300 | lr 1.17e-04 | loss 1.0988 pol 1.0913 rf 0.0757 acc 70.0% | 14 it/s
step  69400 | lr 1.17e-04 | loss 1.0965 pol 1.0897 rf 0.0682 acc 70.4% | 14 it/s
step  69500 | lr 1.16e-04 | loss 1.1121 pol 1.1044 rf 0.0772 acc 68.9% | 14 it/s
step  69600 | lr 1.16e-04 | loss 1.0967 pol 1.0905 rf 0.0611 acc 69.9% | 14 it/s
step  69700 | lr 1.16e-04 | loss 1.0791 pol 1.0738 rf 0.0521 acc 71.4% | 14 it/s
step  69800 | lr 1.15e-04 | loss 1.0898 pol 1.0828 rf 0.0705 acc 70.7% | 14 it/s
step  69900 | lr 1.15e-04 | loss 1.0893 pol 1.0818 rf 0.0753 acc 70.2% | 14 it/s
step  70000 | lr 1.14e-04 | loss 1.1016 pol 1.0943 rf 0.0727 acc 69.6% | 14 it/s
[eval] step 70000 val_loss 1.1127 val_acc 70.8%
step  70100 | lr 1.14e-04 | loss 1.0987 pol 1.0915 rf 0.0724 acc 69.6% | 14 it/s
step  70200 | lr 1.14e-04 | loss 1.0840 pol 1.0760 rf 0.0797 acc 70.3% | 14 it/s
step  70300 | lr 1.13e-04 | loss 1.0995 pol 1.0916 rf 0.0788 acc 70.3% | 14 it/s
step  70400 | lr 1.13e-04 | loss 1.1091 pol 1.1021 rf 0.0702 acc 70.0% | 14 it/s
step  70500 | lr 1.12e-04 | loss 1.0999 pol 1.0927 rf 0.0716 acc 70.4% | 14 it/s
step  70600 | lr 1.12e-04 | loss 1.0915 pol 1.0842 rf 0.0736 acc 70.4% | 14 it/s
step  70700 | lr 1.12e-04 | loss 1.0891 pol 1.0829 rf 0.0616 acc 70.7% | 14 it/s
step  70800 | lr 1.11e-04 | loss 1.0849 pol 1.0793 rf 0.0558 acc 71.1% | 14 it/s
step  70900 | lr 1.11e-04 | loss 1.1017 pol 1.0949 rf 0.0689 acc 70.5% | 14 it/s
step  71000 | lr 1.11e-04 | loss 1.1137 pol 1.1069 rf 0.0685 acc 69.3% | 14 it/s
step  71100 | lr 1.10e-04 | loss 1.1161 pol 1.1087 rf 0.0744 acc 69.0% | 14 it/s
step  71200 | lr 1.10e-04 | loss 1.0864 pol 1.0779 rf 0.0851 acc 70.9% | 14 it/s
step  71300 | lr 1.09e-04 | loss 1.1054 pol 1.0976 rf 0.0778 acc 69.1% | 14 it/s
step  71400 | lr 1.09e-04 | loss 1.0944 pol 1.0856 rf 0.0887 acc 70.8% | 14 it/s
step  71500 | lr 1.09e-04 | loss 1.0945 pol 1.0865 rf 0.0795 acc 70.1% | 14 it/s
step  71600 | lr 1.08e-04 | loss 1.0936 pol 1.0863 rf 0.0738 acc 69.5% | 14 it/s
step  71700 | lr 1.08e-04 | loss 1.0961 pol 1.0885 rf 0.0751 acc 69.3% | 14 it/s
step  71800 | lr 1.07e-04 | loss 1.1111 pol 1.1032 rf 0.0793 acc 68.7% | 14 it/s
step  71900 | lr 1.07e-04 | loss 1.0892 pol 1.0825 rf 0.0663 acc 70.4% | 14 it/s
step  72000 | lr 1.07e-04 | loss 1.0914 pol 1.0842 rf 0.0718 acc 70.3% | 14 it/s
[eval] step 72000 val_loss 1.0867 val_acc 71.2%
step  72100 | lr 1.06e-04 | loss 1.0800 pol 1.0739 rf 0.0607 acc 71.1% | 14 it/s
step  72200 | lr 1.06e-04 | loss 1.0877 pol 1.0828 rf 0.0486 acc 70.9% | 14 it/s
step  72300 | lr 1.06e-04 | loss 1.1025 pol 1.0978 rf 0.0472 acc 68.9% | 14 it/s
step  72400 | lr 1.05e-04 | loss 1.1094 pol 1.1043 rf 0.0512 acc 68.9% | 14 it/s
step  72500 | lr 1.05e-04 | loss 1.1010 pol 1.0941 rf 0.0688 acc 70.3% | 14 it/s
step  72600 | lr 1.04e-04 | loss 1.1012 pol 1.0944 rf 0.0677 acc 70.0% | 14 it/s
step  72700 | lr 1.04e-04 | loss 1.1031 pol 1.0962 rf 0.0689 acc 69.2% | 14 it/s
step  72800 | lr 1.04e-04 | loss 1.0809 pol 1.0755 rf 0.0532 acc 71.1% | 14 it/s
step  72900 | lr 1.03e-04 | loss 1.0976 pol 1.0910 rf 0.0658 acc 70.2% | 14 it/s
step  73000 | lr 1.03e-04 | loss 1.0909 pol 1.0840 rf 0.0691 acc 70.5% | 14 it/s
step  73100 | lr 1.03e-04 | loss 1.0918 pol 1.0845 rf 0.0727 acc 69.4% | 14 it/s
step  73200 | lr 1.02e-04 | loss 1.1051 pol 1.0971 rf 0.0801 acc 68.7% | 14 it/s
step  73300 | lr 1.02e-04 | loss 1.0916 pol 1.0843 rf 0.0729 acc 69.5% | 14 it/s
step  73400 | lr 1.01e-04 | loss 1.0924 pol 1.0848 rf 0.0752 acc 69.3% | 14 it/s
step  73500 | lr 1.01e-04 | loss 1.1053 pol 1.0983 rf 0.0701 acc 68.8% | 14 it/s
step  73600 | lr 1.01e-04 | loss 1.1032 pol 1.0960 rf 0.0719 acc 69.1% | 14 it/s
step  73700 | lr 1.00e-04 | loss 1.0904 pol 1.0825 rf 0.0791 acc 69.9% | 14 it/s
step  73800 | lr 9.99e-05 | loss 1.1018 pol 1.0926 rf 0.0920 acc 70.3% | 14 it/s
step  73900 | lr 9.95e-05 | loss 1.0772 pol 1.0684 rf 0.0884 acc 71.5% | 14 it/s
step  74000 | lr 9.91e-05 | loss 1.0810 pol 1.0726 rf 0.0849 acc 71.1% | 14 it/s
[eval] step 74000 val_loss 1.0806 val_acc 71.2%
  -> saved best (1.0806)
step  74100 | lr 9.87e-05 | loss 1.0759 pol 1.0703 rf 0.0554 acc 71.4% | 14 it/s
step  74200 | lr 9.84e-05 | loss 1.0713 pol 1.0664 rf 0.0489 acc 71.6% | 14 it/s
step  74300 | lr 9.80e-05 | loss 1.0931 pol 1.0865 rf 0.0666 acc 70.7% | 14 it/s
step  74400 | lr 9.76e-05 | loss 1.0963 pol 1.0890 rf 0.0729 acc 70.0% | 14 it/s
step  74500 | lr 9.72e-05 | loss 1.0968 pol 1.0895 rf 0.0728 acc 69.6% | 14 it/s
step  74600 | lr 9.69e-05 | loss 1.1009 pol 1.0936 rf 0.0736 acc 69.1% | 14 it/s
step  74700 | lr 9.65e-05 | loss 1.1077 pol 1.1001 rf 0.0763 acc 68.6% | 14 it/s
step  74800 | lr 9.61e-05 | loss 1.1130 pol 1.1052 rf 0.0781 acc 68.4% | 14 it/s
step  74900 | lr 9.57e-05 | loss 1.0926 pol 1.0861 rf 0.0655 acc 70.4% | 14 it/s
step  75000 | lr 9.54e-05 | loss 1.0968 pol 1.0893 rf 0.0747 acc 69.7% | 14 it/s
step  75100 | lr 9.50e-05 | loss 1.1064 pol 1.0980 rf 0.0834 acc 69.1% | 14 it/s
step  75200 | lr 9.46e-05 | loss 1.1066 pol 1.0985 rf 0.0808 acc 69.1% | 14 it/s
step  75300 | lr 9.43e-05 | loss 1.0978 pol 1.0902 rf 0.0754 acc 69.7% | 14 it/s
step  75400 | lr 9.39e-05 | loss 1.0935 pol 1.0873 rf 0.0622 acc 70.1% | 14 it/s
step  75500 | lr 9.35e-05 | loss 1.0925 pol 1.0850 rf 0.0747 acc 69.6% | 14 it/s
step  75600 | lr 9.32e-05 | loss 1.1000 pol 1.0924 rf 0.0762 acc 69.0% | 14 it/s
step  75700 | lr 9.28e-05 | loss 1.1079 pol 1.1001 rf 0.0784 acc 68.4% | 14 it/s
step  75800 | lr 9.24e-05 | loss 1.0990 pol 1.0918 rf 0.0719 acc 69.0% | 14 it/s
step  75900 | lr 9.20e-05 | loss 1.1049 pol 1.0981 rf 0.0679 acc 69.9% | 14 it/s
step  76000 | lr 9.17e-05 | loss 1.1043 pol 1.0974 rf 0.0686 acc 70.1% | 14 it/s
[eval] step 76000 val_loss 1.0970 val_acc 71.2%
step  76100 | lr 9.13e-05 | loss 1.1126 pol 1.1066 rf 0.0597 acc 69.4% | 14 it/s
step  76200 | lr 9.09e-05 | loss 1.1093 pol 1.1047 rf 0.0453 acc 69.0% | 14 it/s
step  76300 | lr 9.06e-05 | loss 1.0979 pol 1.0921 rf 0.0587 acc 69.4% | 14 it/s
step  76400 | lr 9.02e-05 | loss 1.0965 pol 1.0901 rf 0.0641 acc 69.3% | 14 it/s
step  76500 | lr 8.98e-05 | loss 1.1032 pol 1.0983 rf 0.0489 acc 68.8% | 14 it/s
step  76600 | lr 8.95e-05 | loss 1.0929 pol 1.0882 rf 0.0477 acc 70.1% | 14 it/s
step  76700 | lr 8.91e-05 | loss 1.0668 pol 1.0617 rf 0.0509 acc 71.8% | 14 it/s
step  76800 | lr 8.87e-05 | loss 1.0960 pol 1.0895 rf 0.0656 acc 70.0% | 14 it/s
step  76900 | lr 8.84e-05 | loss 1.1130 pol 1.1055 rf 0.0750 acc 69.0% | 14 it/s
step  77000 | lr 8.80e-05 | loss 1.1039 pol 1.0965 rf 0.0738 acc 70.2% | 14 it/s
step  77100 | lr 8.77e-05 | loss 1.1035 pol 1.0954 rf 0.0810 acc 69.7% | 14 it/s
step  77200 | lr 8.73e-05 | loss 1.0883 pol 1.0807 rf 0.0765 acc 70.5% | 14 it/s
step  77300 | lr 8.69e-05 | loss 1.0915 pol 1.0839 rf 0.0755 acc 69.9% | 14 it/s
step  77400 | lr 8.66e-05 | loss 1.0957 pol 1.0878 rf 0.0793 acc 69.3% | 14 it/s
step  77500 | lr 8.62e-05 | loss 1.1075 pol 1.1008 rf 0.0672 acc 68.8% | 14 it/s
step  77600 | lr 8.58e-05 | loss 1.1088 pol 1.1041 rf 0.0470 acc 68.5% | 14 it/s
step  77700 | lr 8.55e-05 | loss 1.1046 pol 1.0999 rf 0.0471 acc 68.7% | 14 it/s
step  77800 | lr 8.51e-05 | loss 1.0995 pol 1.0947 rf 0.0484 acc 68.9% | 14 it/s
step  77900 | lr 8.48e-05 | loss 1.0946 pol 1.0888 rf 0.0578 acc 69.5% | 14 it/s
step  78000 | lr 8.44e-05 | loss 1.0818 pol 1.0747 rf 0.0717 acc 70.4% | 14 it/s
[eval] step 78000 val_loss 1.1438 val_acc 70.6%
step  78100 | lr 8.40e-05 | loss 1.0969 pol 1.0899 rf 0.0698 acc 70.2% | 14 it/s
step  78200 | lr 8.37e-05 | loss 1.1068 pol 1.0999 rf 0.0689 acc 70.0% | 14 it/s
step  78300 | lr 8.33e-05 | loss 1.1074 pol 1.0997 rf 0.0773 acc 69.9% | 14 it/s
step  78400 | lr 8.30e-05 | loss 1.1089 pol 1.1018 rf 0.0710 acc 68.9% | 14 it/s
step  78500 | lr 8.26e-05 | loss 1.0929 pol 1.0855 rf 0.0745 acc 69.5% | 14 it/s
step  78600 | lr 8.23e-05 | loss 1.1185 pol 1.1115 rf 0.0704 acc 69.0% | 14 it/s
step  78700 | lr 8.19e-05 | loss 1.1117 pol 1.1048 rf 0.0689 acc 69.2% | 14 it/s
step  78800 | lr 8.15e-05 | loss 1.0951 pol 1.0877 rf 0.0741 acc 69.5% | 14 it/s
step  78900 | lr 8.12e-05 | loss 1.0836 pol 1.0784 rf 0.0519 acc 71.3% | 14 it/s
step  79000 | lr 8.08e-05 | loss 1.1045 pol 1.0980 rf 0.0652 acc 69.6% | 14 it/s
step  79100 | lr 8.05e-05 | loss 1.1044 pol 1.0971 rf 0.0733 acc 69.1% | 14 it/s
step  79200 | lr 8.01e-05 | loss 1.0936 pol 1.0866 rf 0.0706 acc 69.4% | 14 it/s
step  79300 | lr 7.98e-05 | loss 1.0935 pol 1.0863 rf 0.0714 acc 69.6% | 14 it/s
step  79400 | lr 7.94e-05 | loss 1.0871 pol 1.0797 rf 0.0740 acc 70.3% | 14 it/s
step  79500 | lr 7.91e-05 | loss 1.0994 pol 1.0909 rf 0.0845 acc 70.3% | 14 it/s
step  79600 | lr 7.87e-05 | loss 1.0858 pol 1.0774 rf 0.0841 acc 70.9% | 14 it/s
step  79700 | lr 7.84e-05 | loss 1.1004 pol 1.0928 rf 0.0762 acc 69.8% | 14 it/s
step  79800 | lr 7.80e-05 | loss 1.1189 pol 1.1121 rf 0.0677 acc 69.0% | 14 it/s
step  79900 | lr 7.77e-05 | loss 1.1113 pol 1.1054 rf 0.0590 acc 68.9% | 14 it/s
step  80000 | lr 7.73e-05 | loss 1.1063 pol 1.1016 rf 0.0470 acc 68.7% | 14 it/s
[eval] step 80000 val_loss 1.1259 val_acc 70.7%
step  80100 | lr 7.70e-05 | loss 1.0941 pol 1.0875 rf 0.0651 acc 69.6% | 14 it/s
step  80200 | lr 7.66e-05 | loss 1.0891 pol 1.0813 rf 0.0784 acc 70.1% | 14 it/s
step  80300 | lr 7.63e-05 | loss 1.0959 pol 1.0895 rf 0.0647 acc 70.6% | 14 it/s
step  80400 | lr 7.59e-05 | loss 1.0779 pol 1.0719 rf 0.0597 acc 71.2% | 14 it/s
step  80500 | lr 7.56e-05 | loss 1.0978 pol 1.0904 rf 0.0735 acc 69.5% | 14 it/s
step  80600 | lr 7.52e-05 | loss 1.1063 pol 1.0988 rf 0.0754 acc 68.6% | 14 it/s
step  80700 | lr 7.49e-05 | loss 1.0957 pol 1.0884 rf 0.0734 acc 70.1% | 14 it/s
step  80800 | lr 7.45e-05 | loss 1.1030 pol 1.0952 rf 0.0772 acc 69.5% | 14 it/s
step  80900 | lr 7.42e-05 | loss 1.0995 pol 1.0920 rf 0.0755 acc 69.0% | 14 it/s
step  81000 | lr 7.39e-05 | loss 1.1014 pol 1.0940 rf 0.0746 acc 69.4% | 14 it/s
step  81100 | lr 7.35e-05 | loss 1.0883 pol 1.0817 rf 0.0658 acc 70.4% | 14 it/s
step  81200 | lr 7.32e-05 | loss 1.1101 pol 1.1033 rf 0.0679 acc 69.6% | 14 it/s
step  81300 | lr 7.28e-05 | loss 1.0963 pol 1.0890 rf 0.0728 acc 70.1% | 14 it/s
step  81400 | lr 7.25e-05 | loss 1.0980 pol 1.0902 rf 0.0784 acc 70.0% | 14 it/s
step  81500 | lr 7.21e-05 | loss 1.0931 pol 1.0852 rf 0.0790 acc 70.0% | 14 it/s
step  81600 | lr 7.18e-05 | loss 1.1025 pol 1.0945 rf 0.0800 acc 69.2% | 14 it/s
step  81700 | lr 7.15e-05 | loss 1.1045 pol 1.0968 rf 0.0768 acc 68.7% | 14 it/s
step  81800 | lr 7.11e-05 | loss 1.0994 pol 1.0920 rf 0.0740 acc 69.0% | 14 it/s
step  81900 | lr 7.08e-05 | loss 1.0911 pol 1.0840 rf 0.0708 acc 69.6% | 14 it/s
step  82000 | lr 7.04e-05 | loss 1.1069 pol 1.0994 rf 0.0750 acc 68.6% | 14 it/s
[eval] step 82000 val_loss 1.1406 val_acc 70.6%
step  82100 | lr 7.01e-05 | loss 1.0929 pol 1.0853 rf 0.0766 acc 70.0% | 14 it/s
step  82200 | lr 6.98e-05 | loss 1.0910 pol 1.0833 rf 0.0775 acc 70.1% | 14 it/s
step  82300 | lr 6.94e-05 | loss 1.1034 pol 1.0953 rf 0.0810 acc 69.5% | 14 it/s
step  82400 | lr 6.91e-05 | loss 1.1064 pol 1.0987 rf 0.0772 acc 69.3% | 14 it/s
step  82500 | lr 6.88e-05 | loss 1.1003 pol 1.0931 rf 0.0722 acc 69.3% | 14 it/s
step  82600 | lr 6.84e-05 | loss 1.0995 pol 1.0920 rf 0.0747 acc 69.0% | 14 it/s
step  82700 | lr 6.81e-05 | loss 1.1057 pol 1.0981 rf 0.0756 acc 69.3% | 14 it/s
step  82800 | lr 6.77e-05 | loss 1.0896 pol 1.0831 rf 0.0653 acc 70.1% | 14 it/s
step  82900 | lr 6.74e-05 | loss 1.0900 pol 1.0813 rf 0.0870 acc 70.8% | 14 it/s
step  83000 | lr 6.71e-05 | loss 1.0975 pol 1.0900 rf 0.0747 acc 70.6% | 14 it/s
step  83100 | lr 6.67e-05 | loss 1.1044 pol 1.0970 rf 0.0743 acc 69.5% | 14 it/s
step  83200 | lr 6.64e-05 | loss 1.0975 pol 1.0909 rf 0.0662 acc 69.8% | 14 it/s
step  83300 | lr 6.61e-05 | loss 1.0804 pol 1.0750 rf 0.0539 acc 71.3% | 14 it/s
step  83400 | lr 6.58e-05 | loss 1.0912 pol 1.0851 rf 0.0610 acc 70.2% | 14 it/s
step  83500 | lr 6.54e-05 | loss 1.0977 pol 1.0907 rf 0.0702 acc 69.3% | 14 it/s
step  83600 | lr 6.51e-05 | loss 1.1032 pol 1.0967 rf 0.0651 acc 68.9% | 14 it/s
step  83700 | lr 6.48e-05 | loss 1.0917 pol 1.0840 rf 0.0762 acc 69.5% | 14 it/s
step  83800 | lr 6.44e-05 | loss 1.1028 pol 1.0943 rf 0.0842 acc 70.3% | 14 it/s
step  83900 | lr 6.41e-05 | loss 1.0995 pol 1.0917 rf 0.0779 acc 69.9% | 14 it/s
step  84000 | lr 6.38e-05 | loss 1.0959 pol 1.0882 rf 0.0769 acc 69.2% | 14 it/s
[eval] step 84000 val_loss 1.1313 val_acc 70.6%
step  84100 | lr 6.35e-05 | loss 1.0926 pol 1.0851 rf 0.0750 acc 69.4% | 14 it/s
step  84200 | lr 6.31e-05 | loss 1.1056 pol 1.0974 rf 0.0822 acc 69.3% | 14 it/s
step  84300 | lr 6.28e-05 | loss 1.0993 pol 1.0918 rf 0.0752 acc 69.0% | 14 it/s
step  84400 | lr 6.25e-05 | loss 1.0989 pol 1.0912 rf 0.0766 acc 69.8% | 14 it/s
step  84500 | lr 6.22e-05 | loss 1.0956 pol 1.0886 rf 0.0697 acc 69.9% | 14 it/s
step  84600 | lr 6.18e-05 | loss 1.0923 pol 1.0854 rf 0.0693 acc 70.0% | 14 it/s
step  84700 | lr 6.15e-05 | loss 1.1020 pol 1.0940 rf 0.0797 acc 69.6% | 14 it/s
step  84800 | lr 6.12e-05 | loss 1.0856 pol 1.0784 rf 0.0718 acc 70.1% | 14 it/s
step  84900 | lr 6.09e-05 | loss 1.0860 pol 1.0787 rf 0.0736 acc 70.0% | 14 it/s
step  85000 | lr 6.05e-05 | loss 1.1004 pol 1.0929 rf 0.0755 acc 69.2% | 14 it/s
step  85100 | lr 6.02e-05 | loss 1.0952 pol 1.0864 rf 0.0875 acc 70.7% | 14 it/s
step  85200 | lr 5.99e-05 | loss 1.1041 pol 1.0968 rf 0.0738 acc 70.0% | 14 it/s
step  85300 | lr 5.96e-05 | loss 1.0976 pol 1.0900 rf 0.0754 acc 70.2% | 14 it/s
step  85400 | lr 5.93e-05 | loss 1.1013 pol 1.0939 rf 0.0743 acc 70.0% | 14 it/s
step  85500 | lr 5.90e-05 | loss 1.1005 pol 1.0932 rf 0.0733 acc 70.1% | 14 it/s
step  85600 | lr 5.86e-05 | loss 1.0845 pol 1.0762 rf 0.0839 acc 71.2% | 14 it/s
step  85700 | lr 5.83e-05 | loss 1.0987 pol 1.0919 rf 0.0681 acc 70.5% | 14 it/s
step  85800 | lr 5.80e-05 | loss 1.0906 pol 1.0840 rf 0.0656 acc 70.8% | 14 it/s
step  85900 | lr 5.77e-05 | loss 1.0927 pol 1.0863 rf 0.0645 acc 70.5% | 14 it/s
step  86000 | lr 5.74e-05 | loss 1.1066 pol 1.0991 rf 0.0753 acc 68.7% | 14 it/s
[eval] step 86000 val_loss 1.1307 val_acc 70.9%
step  86100 | lr 5.71e-05 | loss 1.0974 pol 1.0901 rf 0.0732 acc 70.1% | 14 it/s
step  86200 | lr 5.67e-05 | loss 1.0958 pol 1.0887 rf 0.0706 acc 70.2% | 14 it/s
step  86300 | lr 5.64e-05 | loss 1.0998 pol 1.0923 rf 0.0750 acc 70.2% | 14 it/s
step  86400 | lr 5.61e-05 | loss 1.0957 pol 1.0890 rf 0.0667 acc 70.6% | 14 it/s
step  86500 | lr 5.58e-05 | loss 1.0930 pol 1.0863 rf 0.0678 acc 70.5% | 14 it/s
step  86600 | lr 5.55e-05 | loss 1.0955 pol 1.0882 rf 0.0724 acc 70.1% | 14 it/s
step  86700 | lr 5.52e-05 | loss 1.1160 pol 1.1081 rf 0.0787 acc 68.2% | 14 it/s
step  86800 | lr 5.49e-05 | loss 1.0950 pol 1.0871 rf 0.0783 acc 70.2% | 14 it/s
step  86900 | lr 5.46e-05 | loss 1.0864 pol 1.0785 rf 0.0787 acc 70.6% | 14 it/s
step  87000 | lr 5.43e-05 | loss 1.0894 pol 1.0822 rf 0.0717 acc 70.5% | 14 it/s
step  87100 | lr 5.40e-05 | loss 1.0873 pol 1.0805 rf 0.0684 acc 70.3% | 14 it/s
step  87200 | lr 5.36e-05 | loss 1.0787 pol 1.0697 rf 0.0900 acc 71.3% | 14 it/s
step  87300 | lr 5.33e-05 | loss 1.0779 pol 1.0689 rf 0.0903 acc 71.3% | 14 it/s
step  87400 | lr 5.30e-05 | loss 1.0853 pol 1.0789 rf 0.0644 acc 71.0% | 14 it/s
step  87500 | lr 5.27e-05 | loss 1.0823 pol 1.0768 rf 0.0555 acc 71.2% | 14 it/s
step  87600 | lr 5.24e-05 | loss 1.0757 pol 1.0705 rf 0.0524 acc 71.3% | 14 it/s
step  87700 | lr 5.21e-05 | loss 1.1000 pol 1.0928 rf 0.0722 acc 69.6% | 14 it/s
step  87800 | lr 5.18e-05 | loss 1.0937 pol 1.0868 rf 0.0698 acc 69.4% | 14 it/s
step  87900 | lr 5.15e-05 | loss 1.0909 pol 1.0834 rf 0.0749 acc 69.9% | 14 it/s
step  88000 | lr 5.12e-05 | loss 1.0894 pol 1.0818 rf 0.0767 acc 70.0% | 14 it/s
[eval] step 88000 val_loss 1.1315 val_acc 71.0%
step  88100 | lr 5.09e-05 | loss 1.0957 pol 1.0884 rf 0.0732 acc 69.5% | 14 it/s
step  88200 | lr 5.06e-05 | loss 1.0960 pol 1.0881 rf 0.0788 acc 70.0% | 14 it/s
step  88300 | lr 5.03e-05 | loss 1.0832 pol 1.0761 rf 0.0712 acc 71.0% | 14 it/s
step  88400 | lr 5.00e-05 | loss 1.0907 pol 1.0843 rf 0.0639 acc 70.3% | 14 it/s
step  88500 | lr 4.97e-05 | loss 1.0881 pol 1.0809 rf 0.0724 acc 70.0% | 14 it/s
step  88600 | lr 4.94e-05 | loss 1.1013 pol 1.0944 rf 0.0696 acc 69.7% | 14 it/s
step  88700 | lr 4.91e-05 | loss 1.1135 pol 1.1085 rf 0.0503 acc 68.9% | 14 it/s
step  88800 | lr 4.88e-05 | loss 1.1061 pol 1.1007 rf 0.0540 acc 69.0% | 14 it/s
step  88900 | lr 4.85e-05 | loss 1.0997 pol 1.0924 rf 0.0727 acc 69.1% | 14 it/s
step  89000 | lr 4.83e-05 | loss 1.0890 pol 1.0819 rf 0.0708 acc 69.6% | 14 it/s
step  89100 | lr 4.80e-05 | loss 1.1001 pol 1.0924 rf 0.0770 acc 69.1% | 14 it/s
step  89200 | lr 4.77e-05 | loss 1.1038 pol 1.0955 rf 0.0827 acc 69.2% | 14 it/s
step  89300 | lr 4.74e-05 | loss 1.1015 pol 1.0934 rf 0.0809 acc 69.5% | 14 it/s
step  89400 | lr 4.71e-05 | loss 1.1000 pol 1.0922 rf 0.0780 acc 69.7% | 14 it/s
step  89500 | lr 4.68e-05 | loss 1.1034 pol 1.0955 rf 0.0789 acc 68.9% | 14 it/s
step  89600 | lr 4.65e-05 | loss 1.0922 pol 1.0850 rf 0.0722 acc 69.3% | 14 it/s
step  89700 | lr 4.62e-05 | loss 1.0906 pol 1.0835 rf 0.0715 acc 69.5% | 14 it/s
step  89800 | lr 4.59e-05 | loss 1.0907 pol 1.0836 rf 0.0715 acc 69.5% | 14 it/s
step  89900 | lr 4.56e-05 | loss 1.0967 pol 1.0901 rf 0.0662 acc 69.7% | 14 it/s
step  90000 | lr 4.54e-05 | loss 1.1004 pol 1.0934 rf 0.0694 acc 69.9% | 14 it/s
[eval] step 90000 val_loss 1.0858 val_acc 71.1%
step  90100 | lr 4.51e-05 | loss 1.0957 pol 1.0888 rf 0.0691 acc 70.0% | 14 it/s
step  90200 | lr 4.48e-05 | loss 1.1135 pol 1.1084 rf 0.0506 acc 68.7% | 14 it/s
step  90300 | lr 4.45e-05 | loss 1.1118 pol 1.1066 rf 0.0516 acc 69.0% | 14 it/s
step  90400 | lr 4.42e-05 | loss 1.1051 pol 1.0986 rf 0.0648 acc 70.3% | 14 it/s
step  90500 | lr 4.39e-05 | loss 1.1061 pol 1.0993 rf 0.0678 acc 69.2% | 14 it/s
step  90600 | lr 4.37e-05 | loss 1.0940 pol 1.0863 rf 0.0765 acc 70.1% | 14 it/s
step  90700 | lr 4.34e-05 | loss 1.0903 pol 1.0824 rf 0.0791 acc 70.1% | 14 it/s
step  90800 | lr 4.31e-05 | loss 1.0912 pol 1.0840 rf 0.0723 acc 69.6% | 14 it/s
step  90900 | lr 4.28e-05 | loss 1.0911 pol 1.0835 rf 0.0757 acc 69.7% | 14 it/s
step  91000 | lr 4.25e-05 | loss 1.0958 pol 1.0885 rf 0.0729 acc 69.7% | 14 it/s
step  91100 | lr 4.23e-05 | loss 1.0969 pol 1.0894 rf 0.0750 acc 70.2% | 14 it/s
step  91200 | lr 4.20e-05 | loss 1.0921 pol 1.0852 rf 0.0690 acc 70.4% | 14 it/s
step  91300 | lr 4.17e-05 | loss 1.1027 pol 1.0958 rf 0.0691 acc 70.1% | 14 it/s
step  91400 | lr 4.14e-05 | loss 1.1216 pol 1.1164 rf 0.0514 acc 68.4% | 14 it/s
step  91500 | lr 4.11e-05 | loss 1.1139 pol 1.1089 rf 0.0500 acc 68.7% | 14 it/s
step  91600 | lr 4.09e-05 | loss 1.0770 pol 1.0715 rf 0.0548 acc 71.4% | 14 it/s
step  91700 | lr 4.06e-05 | loss 1.0767 pol 1.0711 rf 0.0564 acc 71.4% | 14 it/s
step  91800 | lr 4.03e-05 | loss 1.0865 pol 1.0782 rf 0.0823 acc 70.8% | 14 it/s
step  91900 | lr 4.01e-05 | loss 1.1117 pol 1.1039 rf 0.0781 acc 68.8% | 14 it/s
step  92000 | lr 3.98e-05 | loss 1.1173 pol 1.1116 rf 0.0568 acc 68.5% | 14 it/s
[eval] step 92000 val_loss 1.1155 val_acc 71.0%
step  92100 | lr 3.95e-05 | loss 1.1173 pol 1.1123 rf 0.0498 acc 68.4% | 14 it/s
step  92200 | lr 3.92e-05 | loss 1.0964 pol 1.0890 rf 0.0741 acc 69.4% | 14 it/s
step  92300 | lr 3.90e-05 | loss 1.0944 pol 1.0864 rf 0.0797 acc 69.9% | 14 it/s
step  92400 | lr 3.87e-05 | loss 1.0880 pol 1.0804 rf 0.0762 acc 69.8% | 14 it/s
step  92500 | lr 3.84e-05 | loss 1.0989 pol 1.0897 rf 0.0927 acc 70.5% | 14 it/s
step  92600 | lr 3.82e-05 | loss 1.0919 pol 1.0842 rf 0.0767 acc 70.8% | 14 it/s
step  92700 | lr 3.79e-05 | loss 1.1178 pol 1.1110 rf 0.0680 acc 69.4% | 14 it/s
step  92800 | lr 3.76e-05 | loss 1.1172 pol 1.1103 rf 0.0686 acc 68.7% | 14 it/s
step  92900 | lr 3.74e-05 | loss 1.0866 pol 1.0801 rf 0.0651 acc 70.9% | 14 it/s
step  93000 | lr 3.71e-05 | loss 1.0846 pol 1.0782 rf 0.0640 acc 71.1% | 14 it/s
step  93100 | lr 3.69e-05 | loss 1.0991 pol 1.0919 rf 0.0723 acc 70.2% | 14 it/s
step  93200 | lr 3.66e-05 | loss 1.0928 pol 1.0851 rf 0.0764 acc 69.6% | 14 it/s
step  93300 | lr 3.63e-05 | loss 1.0952 pol 1.0876 rf 0.0759 acc 70.1% | 14 it/s
step  93400 | lr 3.61e-05 | loss 1.0889 pol 1.0814 rf 0.0750 acc 70.5% | 14 it/s
step  93500 | lr 3.58e-05 | loss 1.0943 pol 1.0878 rf 0.0652 acc 70.5% | 14 it/s
step  93600 | lr 3.56e-05 | loss 1.0847 pol 1.0771 rf 0.0768 acc 70.4% | 14 it/s
step  93700 | lr 3.53e-05 | loss 1.0876 pol 1.0798 rf 0.0781 acc 70.3% | 14 it/s
step  93800 | lr 3.50e-05 | loss 1.1052 pol 1.0979 rf 0.0729 acc 68.7% | 14 it/s
step  93900 | lr 3.48e-05 | loss 1.0791 pol 1.0736 rf 0.0545 acc 71.5% | 14 it/s
step  94000 | lr 3.45e-05 | loss 1.0632 pol 1.0583 rf 0.0488 acc 71.9% | 14 it/s
[eval] step 94000 val_loss 1.0862 val_acc 71.2%
step  94100 | lr 3.43e-05 | loss 1.1148 pol 1.1073 rf 0.0758 acc 68.4% | 14 it/s
step  94200 | lr 3.40e-05 | loss 1.0912 pol 1.0832 rf 0.0806 acc 70.0% | 14 it/s
step  94300 | lr 3.38e-05 | loss 1.0869 pol 1.0793 rf 0.0760 acc 70.2% | 14 it/s
step  94400 | lr 3.35e-05 | loss 1.1126 pol 1.1072 rf 0.0545 acc 68.6% | 14 it/s
step  94500 | lr 3.33e-05 | loss 1.1114 pol 1.1064 rf 0.0500 acc 68.5% | 14 it/s
step  94600 | lr 3.30e-05 | loss 1.1127 pol 1.1079 rf 0.0480 acc 68.8% | 14 it/s
step  94700 | lr 3.28e-05 | loss 1.1086 pol 1.1039 rf 0.0464 acc 68.9% | 14 it/s
step  94800 | lr 3.25e-05 | loss 1.0945 pol 1.0854 rf 0.0916 acc 71.2% | 14 it/s
step  94900 | lr 3.23e-05 | loss 1.0838 pol 1.0756 rf 0.0821 acc 71.0% | 14 it/s
step  95000 | lr 3.20e-05 | loss 1.0849 pol 1.0777 rf 0.0722 acc 70.6% | 14 it/s
step  95100 | lr 3.18e-05 | loss 1.0951 pol 1.0882 rf 0.0691 acc 70.0% | 14 it/s
step  95200 | lr 3.15e-05 | loss 1.0999 pol 1.0926 rf 0.0726 acc 69.7% | 14 it/s
step  95300 | lr 3.13e-05 | loss 1.0811 pol 1.0758 rf 0.0525 acc 71.5% | 14 it/s
step  95400 | lr 3.10e-05 | loss 1.0836 pol 1.0784 rf 0.0519 acc 71.3% | 14 it/s
step  95500 | lr 3.08e-05 | loss 1.1181 pol 1.1112 rf 0.0694 acc 69.1% | 14 it/s
step  95600 | lr 3.06e-05 | loss 1.1013 pol 1.0944 rf 0.0691 acc 70.2% | 14 it/s
step  95700 | lr 3.03e-05 | loss 1.0943 pol 1.0872 rf 0.0706 acc 70.4% | 14 it/s
step  95800 | lr 3.01e-05 | loss 1.1183 pol 1.1115 rf 0.0684 acc 68.9% | 14 it/s
step  95900 | lr 2.98e-05 | loss 1.0936 pol 1.0854 rf 0.0820 acc 70.7% | 14 it/s
step  96000 | lr 2.96e-05 | loss 1.0849 pol 1.0776 rf 0.0728 acc 70.7% | 14 it/s
[eval] step 96000 val_loss 1.0814 val_acc 71.2%
step  96100 | lr 2.94e-05 | loss 1.0833 pol 1.0759 rf 0.0743 acc 70.8% | 14 it/s
step  96200 | lr 2.91e-05 | loss 1.0903 pol 1.0818 rf 0.0848 acc 70.7% | 14 it/s
step  96300 | lr 2.89e-05 | loss 1.1076 pol 1.1001 rf 0.0749 acc 69.5% | 14 it/s
step  96400 | lr 2.86e-05 | loss 1.0920 pol 1.0834 rf 0.0857 acc 70.6% | 14 it/s
step  96500 | lr 2.84e-05 | loss 1.1065 pol 1.0990 rf 0.0743 acc 70.1% | 14 it/s
step  96600 | lr 2.82e-05 | loss 1.1031 pol 1.0973 rf 0.0582 acc 69.5% | 14 it/s
step  96700 | lr 2.79e-05 | loss 1.1045 pol 1.1001 rf 0.0446 acc 68.7% | 14 it/s
step  96800 | lr 2.77e-05 | loss 1.1043 pol 1.0980 rf 0.0629 acc 69.0% | 14 it/s
step  96900 | lr 2.75e-05 | loss 1.0973 pol 1.0902 rf 0.0708 acc 69.7% | 14 it/s
step  97000 | lr 2.73e-05 | loss 1.0862 pol 1.0803 rf 0.0588 acc 71.1% | 14 it/s
step  97100 | lr 2.70e-05 | loss 1.0850 pol 1.0785 rf 0.0649 acc 70.8% | 14 it/s
step  97200 | lr 2.68e-05 | loss 1.0913 pol 1.0835 rf 0.0780 acc 69.9% | 14 it/s
step  97300 | lr 2.66e-05 | loss 1.0980 pol 1.0908 rf 0.0721 acc 69.5% | 14 it/s
step  97400 | lr 2.63e-05 | loss 1.1020 pol 1.0953 rf 0.0670 acc 69.1% | 14 it/s
step  97500 | lr 2.61e-05 | loss 1.0930 pol 1.0852 rf 0.0778 acc 70.0% | 14 it/s
step  97600 | lr 2.59e-05 | loss 1.0906 pol 1.0836 rf 0.0708 acc 70.1% | 14 it/s
step  97700 | lr 2.57e-05 | loss 1.0963 pol 1.0891 rf 0.0716 acc 70.3% | 14 it/s
step  97800 | lr 2.54e-05 | loss 1.1024 pol 1.0950 rf 0.0742 acc 69.7% | 14 it/s
step  97900 | lr 2.52e-05 | loss 1.0902 pol 1.0835 rf 0.0668 acc 70.4% | 14 it/s
step  98000 | lr 2.50e-05 | loss 1.0802 pol 1.0740 rf 0.0623 acc 71.3% | 14 it/s
[eval] step 98000 val_loss 1.0810 val_acc 71.3%
step  98100 | lr 2.48e-05 | loss 1.0883 pol 1.0821 rf 0.0613 acc 71.0% | 14 it/s
step  98200 | lr 2.46e-05 | loss 1.0833 pol 1.0772 rf 0.0609 acc 71.3% | 14 it/s
step  98300 | lr 2.43e-05 | loss 1.0724 pol 1.0676 rf 0.0472 acc 71.4% | 14 it/s
step  98400 | lr 2.41e-05 | loss 1.0862 pol 1.0804 rf 0.0581 acc 70.9% | 14 it/s
step  98500 | lr 2.39e-05 | loss 1.1060 pol 1.0994 rf 0.0657 acc 69.6% | 14 it/s
step  98600 | lr 2.37e-05 | loss 1.0989 pol 1.0915 rf 0.0742 acc 69.4% | 14 it/s
step  98700 | lr 2.35e-05 | loss 1.0889 pol 1.0836 rf 0.0532 acc 71.1% | 14 it/s
step  98800 | lr 2.33e-05 | loss 1.0856 pol 1.0800 rf 0.0557 acc 71.0% | 14 it/s
step  98900 | lr 2.31e-05 | loss 1.0929 pol 1.0855 rf 0.0742 acc 70.3% | 14 it/s
step  99000 | lr 2.28e-05 | loss 1.0770 pol 1.0715 rf 0.0543 acc 71.3% | 14 it/s
step  99100 | lr 2.26e-05 | loss 1.0907 pol 1.0843 rf 0.0641 acc 70.4% | 14 it/s
step  99200 | lr 2.24e-05 | loss 1.0995 pol 1.0925 rf 0.0702 acc 69.6% | 14 it/s
step  99300 | lr 2.22e-05 | loss 1.0985 pol 1.0908 rf 0.0766 acc 69.3% | 14 it/s
step  99400 | lr 2.20e-05 | loss 1.0987 pol 1.0915 rf 0.0712 acc 69.2% | 14 it/s
step  99500 | lr 2.18e-05 | loss 1.0872 pol 1.0797 rf 0.0749 acc 70.2% | 14 it/s
step  99600 | lr 2.16e-05 | loss 1.0923 pol 1.0843 rf 0.0795 acc 70.2% | 14 it/s
step  99700 | lr 2.14e-05 | loss 1.1068 pol 1.0992 rf 0.0757 acc 69.7% | 14 it/s
step  99800 | lr 2.12e-05 | loss 1.1089 pol 1.1014 rf 0.0747 acc 68.9% | 14 it/s
step  99900 | lr 2.10e-05 | loss 1.0952 pol 1.0892 rf 0.0595 acc 70.3% | 14 it/s
step 100000 | lr 2.08e-05 | loss 1.0765 pol 1.0712 rf 0.0523 acc 71.5% | 14 it/s
[eval] step 100000 val_loss 1.0917 val_acc 71.2%
step 100100 | lr 2.06e-05 | loss 1.1151 pol 1.1088 rf 0.0638 acc 69.4% | 14 it/s
step 100200 | lr 2.04e-05 | loss 1.1158 pol 1.1088 rf 0.0706 acc 69.0% | 14 it/s
step 100300 | lr 2.02e-05 | loss 1.0962 pol 1.0887 rf 0.0755 acc 69.4% | 14 it/s
step 100400 | lr 2.00e-05 | loss 1.1054 pol 1.0978 rf 0.0763 acc 69.9% | 14 it/s
step 100500 | lr 1.98e-05 | loss 1.1085 pol 1.1009 rf 0.0762 acc 68.9% | 14 it/s
step 100600 | lr 1.96e-05 | loss 1.1046 pol 1.0965 rf 0.0804 acc 69.7% | 14 it/s
step 100700 | lr 1.94e-05 | loss 1.0966 pol 1.0888 rf 0.0784 acc 70.3% | 14 it/s
step 100800 | lr 1.92e-05 | loss 1.0982 pol 1.0910 rf 0.0722 acc 69.9% | 14 it/s
step 100900 | lr 1.90e-05 | loss 1.1237 pol 1.1189 rf 0.0483 acc 68.4% | 14 it/s
step 101000 | lr 1.88e-05 | loss 1.1147 pol 1.1096 rf 0.0510 acc 68.8% | 14 it/s
step 101100 | lr 1.86e-05 | loss 1.0740 pol 1.0690 rf 0.0506 acc 71.6% | 14 it/s
step 101200 | lr 1.84e-05 | loss 1.0751 pol 1.0696 rf 0.0544 acc 71.5% | 14 it/s
step 101300 | lr 1.82e-05 | loss 1.1015 pol 1.0935 rf 0.0797 acc 69.8% | 14 it/s
step 101400 | lr 1.80e-05 | loss 1.0834 pol 1.0746 rf 0.0873 acc 71.2% | 14 it/s
step 101500 | lr 1.78e-05 | loss 1.1064 pol 1.0980 rf 0.0834 acc 69.6% | 14 it/s
step 101600 | lr 1.76e-05 | loss 1.1179 pol 1.1103 rf 0.0764 acc 69.1% | 14 it/s
step 101700 | lr 1.75e-05 | loss 1.1138 pol 1.1066 rf 0.0722 acc 69.7% | 14 it/s
step 101800 | lr 1.73e-05 | loss 1.1013 pol 1.0944 rf 0.0695 acc 69.2% | 14 it/s
step 101900 | lr 1.71e-05 | loss 1.1000 pol 1.0926 rf 0.0740 acc 69.1% | 14 it/s
step 102000 | lr 1.69e-05 | loss 1.0857 pol 1.0796 rf 0.0606 acc 71.0% | 14 it/s
[eval] step 102000 val_loss 1.1007 val_acc 71.2%
step 102100 | lr 1.67e-05 | loss 1.0849 pol 1.0787 rf 0.0623 acc 71.0% | 14 it/s
step 102200 | lr 1.65e-05 | loss 1.0948 pol 1.0872 rf 0.0759 acc 70.2% | 14 it/s
step 102300 | lr 1.63e-05 | loss 1.0916 pol 1.0838 rf 0.0783 acc 70.1% | 14 it/s
step 102400 | lr 1.62e-05 | loss 1.0835 pol 1.0773 rf 0.0621 acc 71.4% | 14 it/s
step 102500 | lr 1.60e-05 | loss 1.0864 pol 1.0804 rf 0.0604 acc 71.1% | 14 it/s
step 102600 | lr 1.58e-05 | loss 1.0955 pol 1.0877 rf 0.0776 acc 69.7% | 14 it/s
step 102700 | lr 1.56e-05 | loss 1.0968 pol 1.0898 rf 0.0697 acc 69.2% | 14 it/s
step 102800 | lr 1.55e-05 | loss 1.1044 pol 1.0957 rf 0.0871 acc 70.5% | 14 it/s
step 102900 | lr 1.53e-05 | loss 1.0937 pol 1.0855 rf 0.0825 acc 70.8% | 14 it/s
step 103000 | lr 1.51e-05 | loss 1.1046 pol 1.0976 rf 0.0708 acc 69.6% | 14 it/s
step 103100 | lr 1.50e-05 | loss 1.0983 pol 1.0908 rf 0.0747 acc 69.3% | 14 it/s
step 103200 | lr 1.50e-05 | loss 1.1033 pol 1.0951 rf 0.0820 acc 70.5% | 14 it/s
step 103300 | lr 1.50e-05 | loss 1.0803 pol 1.0746 rf 0.0567 acc 71.2% | 14 it/s
step 103400 | lr 1.50e-05 | loss 1.0746 pol 1.0697 rf 0.0499 acc 71.3% | 14 it/s
step 103500 | lr 1.50e-05 | loss 1.0764 pol 1.0711 rf 0.0534 acc 71.4% | 14 it/s
step 103600 | lr 1.50e-05 | loss 1.0827 pol 1.0772 rf 0.0544 acc 71.0% | 14 it/s
step 103700 | lr 1.50e-05 | loss 1.1067 pol 1.1015 rf 0.0524 acc 69.1% | 14 it/s
step 103800 | lr 1.50e-05 | loss 1.1069 pol 1.1022 rf 0.0473 acc 68.8% | 14 it/s
step 103900 | lr 1.50e-05 | loss 1.1101 pol 1.1052 rf 0.0494 acc 69.0% | 14 it/s
step 104000 | lr 1.50e-05 | loss 1.1119 pol 1.1070 rf 0.0498 acc 68.9% | 14 it/s
[eval] step 104000 val_loss 1.1126 val_acc 71.1%
step 104100 | lr 1.50e-05 | loss 1.0972 pol 1.0891 rf 0.0812 acc 71.0% | 14 it/s
step 104200 | lr 1.50e-05 | loss 1.0931 pol 1.0849 rf 0.0817 acc 70.8% | 14 it/s
step 104300 | lr 1.50e-05 | loss 1.0836 pol 1.0763 rf 0.0729 acc 70.6% | 14 it/s
step 104400 | lr 1.50e-05 | loss 1.1028 pol 1.0952 rf 0.0769 acc 69.0% | 14 it/s
step 104500 | lr 1.50e-05 | loss 1.0977 pol 1.0900 rf 0.0770 acc 69.5% | 14 it/s
step 104600 | lr 1.50e-05 | loss 1.0893 pol 1.0817 rf 0.0766 acc 70.2% | 14 it/s
step 104700 | lr 1.50e-05 | loss 1.0930 pol 1.0855 rf 0.0751 acc 69.6% | 14 it/s
step 104800 | lr 1.50e-05 | loss 1.0929 pol 1.0855 rf 0.0746 acc 69.4% | 14 it/s
step 104900 | lr 1.50e-05 | loss 1.1034 pol 1.0966 rf 0.0677 acc 69.6% | 14 it/s
step 105000 | lr 1.50e-05 | loss 1.0803 pol 1.0752 rf 0.0517 acc 71.4% | 14 it/s
step 105100 | lr 1.50e-05 | loss 1.0862 pol 1.0800 rf 0.0622 acc 70.6% | 14 it/s
step 105200 | lr 1.50e-05 | loss 1.0985 pol 1.0912 rf 0.0731 acc 69.4% | 14 it/s
step 105300 | lr 1.50e-05 | loss 1.1030 pol 1.0958 rf 0.0723 acc 69.6% | 14 it/s
step 105400 | lr 1.50e-05 | loss 1.0902 pol 1.0830 rf 0.0725 acc 69.8% | 14 it/s
step 105500 | lr 1.50e-05 | loss 1.1098 pol 1.1045 rf 0.0532 acc 69.0% | 14 it/s
step 105600 | lr 1.50e-05 | loss 1.1077 pol 1.1026 rf 0.0518 acc 69.0% | 14 it/s
step 105700 | lr 1.50e-05 | loss 1.1159 pol 1.1092 rf 0.0663 acc 69.8% | 14 it/s
step 105800 | lr 1.50e-05 | loss 1.0950 pol 1.0880 rf 0.0702 acc 70.3% | 14 it/s
step 105900 | lr 1.50e-05 | loss 1.0900 pol 1.0829 rf 0.0707 acc 70.4% | 14 it/s
step 106000 | lr 1.50e-05 | loss 1.0949 pol 1.0878 rf 0.0714 acc 70.2% | 14 it/s
[eval] step 106000 val_loss 1.0839 val_acc 71.2%
step 106100 | lr 1.50e-05 | loss 1.0869 pol 1.0815 rf 0.0549 acc 70.9% | 14 it/s
step 106200 | lr 1.50e-05 | loss 1.1046 pol 1.0974 rf 0.0725 acc 69.3% | 14 it/s
step 106300 | lr 1.50e-05 | loss 1.0933 pol 1.0869 rf 0.0636 acc 70.3% | 14 it/s
step 106400 | lr 1.50e-05 | loss 1.0791 pol 1.0740 rf 0.0508 acc 71.5% | 14 it/s
step 106500 | lr 1.50e-05 | loss 1.0987 pol 1.0915 rf 0.0720 acc 70.0% | 14 it/s
step 106600 | lr 1.50e-05 | loss 1.1035 pol 1.0950 rf 0.0851 acc 70.0% | 14 it/s
step 106700 | lr 1.50e-05 | loss 1.0846 pol 1.0757 rf 0.0887 acc 71.1% | 14 it/s
step 106800 | lr 1.50e-05 | loss 1.1039 pol 1.0962 rf 0.0779 acc 69.5% | 14 it/s
step 106900 | lr 1.50e-05 | loss 1.1064 pol 1.0994 rf 0.0699 acc 69.0% | 14 it/s
step 107000 | lr 1.50e-05 | loss 1.1046 pol 1.0979 rf 0.0679 acc 69.8% | 14 it/s
step 107100 | lr 1.50e-05 | loss 1.0930 pol 1.0863 rf 0.0672 acc 70.5% | 14 it/s
step 107200 | lr 1.50e-05 | loss 1.0906 pol 1.0843 rf 0.0625 acc 70.7% | 14 it/s
step 107300 | lr 1.50e-05 | loss 1.0978 pol 1.0905 rf 0.0733 acc 70.2% | 14 it/s
step 107400 | lr 1.50e-05 | loss 1.0975 pol 1.0897 rf 0.0779 acc 70.1% | 14 it/s
step 107500 | lr 1.50e-05 | loss 1.0852 pol 1.0771 rf 0.0811 acc 70.8% | 14 it/s
step 107600 | lr 1.50e-05 | loss 1.1078 pol 1.1008 rf 0.0703 acc 69.1% | 14 it/s
step 107700 | lr 1.50e-05 | loss 1.1002 pol 1.0930 rf 0.0718 acc 69.2% | 14 it/s
step 107800 | lr 1.50e-05 | loss 1.1022 pol 1.0950 rf 0.0719 acc 69.2% | 14 it/s
step 107900 | lr 1.50e-05 | loss 1.1001 pol 1.0930 rf 0.0711 acc 69.8% | 14 it/s
step 108000 | lr 1.50e-05 | loss 1.0830 pol 1.0747 rf 0.0823 acc 71.2% | 14 it/s
[eval] step 108000 val_loss 1.0796 val_acc 71.2%
  -> saved best (1.0796)
step 108100 | lr 1.50e-05 | loss 1.1056 pol 1.0978 rf 0.0782 acc 69.9% | 14 it/s
step 108200 | lr 1.50e-05 | loss 1.0872 pol 1.0799 rf 0.0736 acc 70.3% | 14 it/s
step 108300 | lr 1.50e-05 | loss 1.0894 pol 1.0831 rf 0.0628 acc 71.0% | 14 it/s
step 108400 | lr 1.50e-05 | loss 1.0863 pol 1.0801 rf 0.0613 acc 71.0% | 14 it/s
step 108500 | lr 1.50e-05 | loss 1.0815 pol 1.0753 rf 0.0619 acc 71.2% | 14 it/s
step 108600 | lr 1.50e-05 | loss 1.0965 pol 1.0894 rf 0.0711 acc 69.9% | 14 it/s
step 108700 | lr 1.50e-05 | loss 1.0965 pol 1.0900 rf 0.0652 acc 70.1% | 14 it/s
step 108800 | lr 1.50e-05 | loss 1.0801 pol 1.0744 rf 0.0568 acc 71.3% | 14 it/s
step 108900 | lr 1.50e-05 | loss 1.0850 pol 1.0779 rf 0.0707 acc 70.6% | 14 it/s
step 109000 | lr 1.50e-05 | loss 1.0989 pol 1.0911 rf 0.0786 acc 70.0% | 14 it/s
step 109100 | lr 1.50e-05 | loss 1.0932 pol 1.0855 rf 0.0776 acc 70.0% | 14 it/s
step 109200 | lr 1.50e-05 | loss 1.0944 pol 1.0866 rf 0.0789 acc 69.9% | 14 it/s
step 109300 | lr 1.50e-05 | loss 1.0831 pol 1.0752 rf 0.0793 acc 70.4% | 14 it/s
step 109400 | lr 1.50e-05 | loss 1.1081 pol 1.1004 rf 0.0773 acc 69.4% | 14 it/s
step 109500 | lr 1.50e-05 | loss 1.1041 pol 1.0972 rf 0.0689 acc 69.7% | 14 it/s
step 109600 | lr 1.50e-05 | loss 1.1016 pol 1.0946 rf 0.0703 acc 69.5% | 14 it/s
step 109700 | lr 1.50e-05 | loss 1.1095 pol 1.1016 rf 0.0789 acc 69.3% | 14 it/s
step 109800 | lr 1.50e-05 | loss 1.0885 pol 1.0810 rf 0.0757 acc 71.1% | 14 it/s
step 109900 | lr 1.50e-05 | loss 1.0789 pol 1.0739 rf 0.0498 acc 71.4% | 14 it/s
step 110000 | lr 1.50e-05 | loss 1.1072 pol 1.1020 rf 0.0520 acc 69.7% | 14 it/s
[eval] step 110000 val_loss 1.0912 val_acc 71.2%
step 110100 | lr 1.50e-05 | loss 1.1201 pol 1.1150 rf 0.0513 acc 68.4% | 14 it/s
step 110200 | lr 1.50e-05 | loss 1.1090 pol 1.1021 rf 0.0693 acc 69.3% | 14 it/s
step 110300 | lr 1.50e-05 | loss 1.0996 pol 1.0913 rf 0.0834 acc 70.1% | 14 it/s
step 110400 | lr 1.50e-05 | loss 1.0855 pol 1.0777 rf 0.0783 acc 71.1% | 14 it/s
step 110500 | lr 1.50e-05 | loss 1.0635 pol 1.0584 rf 0.0507 acc 72.0% | 14 it/s
step 110600 | lr 1.50e-05 | loss 1.0748 pol 1.0692 rf 0.0560 acc 71.5% | 14 it/s
step 110700 | lr 1.50e-05 | loss 1.0937 pol 1.0863 rf 0.0739 acc 70.1% | 14 it/s
step 110800 | lr 1.50e-05 | loss 1.0927 pol 1.0851 rf 0.0767 acc 69.8% | 14 it/s
step 110900 | lr 1.50e-05 | loss 1.0988 pol 1.0912 rf 0.0756 acc 69.3% | 14 it/s
step 111000 | lr 1.50e-05 | loss 1.1047 pol 1.0975 rf 0.0715 acc 69.9% | 14 it/s
step 111100 | lr 1.50e-05 | loss 1.1016 pol 1.0940 rf 0.0766 acc 69.9% | 14 it/s
step 111200 | lr 1.50e-05 | loss 1.1043 pol 1.0964 rf 0.0787 acc 69.4% | 14 it/s
step 111300 | lr 1.50e-05 | loss 1.0998 pol 1.0922 rf 0.0763 acc 69.0% | 14 it/s
step 111400 | lr 1.50e-05 | loss 1.1004 pol 1.0933 rf 0.0713 acc 69.7% | 14 it/s
step 111500 | lr 1.50e-05 | loss 1.0986 pol 1.0917 rf 0.0683 acc 69.8% | 14 it/s
step 111600 | lr 1.50e-05 | loss 1.0963 pol 1.0890 rf 0.0726 acc 69.4% | 14 it/s
step 111700 | lr 1.50e-05 | loss 1.0951 pol 1.0873 rf 0.0782 acc 69.7% | 14 it/s
step 111800 | lr 1.50e-05 | loss 1.0989 pol 1.0911 rf 0.0777 acc 69.4% | 14 it/s
step 111900 | lr 1.50e-05 | loss 1.1015 pol 1.0931 rf 0.0836 acc 69.9% | 14 it/s
step 112000 | lr 1.50e-05 | loss 1.0859 pol 1.0774 rf 0.0852 acc 71.0% | 14 it/s
[eval] step 112000 val_loss 1.0799 val_acc 71.2%
step 112100 | lr 1.50e-05 | loss 1.1161 pol 1.1113 rf 0.0479 acc 68.6% | 14 it/s
step 112200 | lr 1.50e-05 | loss 1.1140 pol 1.1090 rf 0.0497 acc 68.4% | 14 it/s
step 112300 | lr 1.50e-05 | loss 1.1037 pol 1.0987 rf 0.0500 acc 68.9% | 14 it/s
step 112400 | lr 1.50e-05 | loss 1.1056 pol 1.1009 rf 0.0474 acc 68.7% | 14 it/s
step 112500 | lr 1.50e-05 | loss 1.1164 pol 1.1113 rf 0.0505 acc 68.3% | 14 it/s
step 112600 | lr 1.50e-05 | loss 1.1114 pol 1.1061 rf 0.0531 acc 68.6% | 14 it/s
step 112700 | lr 1.50e-05 | loss 1.0932 pol 1.0860 rf 0.0718 acc 69.5% | 14 it/s
step 112800 | lr 1.50e-05 | loss 1.0980 pol 1.0906 rf 0.0742 acc 69.3% | 14 it/s
step 112900 | lr 1.50e-05 | loss 1.0998 pol 1.0902 rf 0.0964 acc 71.1% | 14 it/s
step 113000 | lr 1.50e-05 | loss 1.1121 pol 1.1038 rf 0.0832 acc 69.2% | 14 it/s
step 113100 | lr 1.50e-05 | loss 1.1112 pol 1.1036 rf 0.0763 acc 68.3% | 14 it/s
step 113200 | lr 1.50e-05 | loss 1.1118 pol 1.1032 rf 0.0852 acc 69.4% | 14 it/s
step 113300 | lr 1.50e-05 | loss 1.0919 pol 1.0834 rf 0.0858 acc 70.7% | 14 it/s
step 113400 | lr 1.50e-05 | loss 1.0920 pol 1.0848 rf 0.0718 acc 70.2% | 14 it/s
step 113500 | lr 1.50e-05 | loss 1.1090 pol 1.1008 rf 0.0823 acc 69.0% | 14 it/s
step 113600 | lr 1.50e-05 | loss 1.1198 pol 1.1126 rf 0.0716 acc 68.9% | 14 it/s
step 113700 | lr 1.50e-05 | loss 1.1169 pol 1.1102 rf 0.0676 acc 69.2% | 14 it/s
step 113800 | lr 1.50e-05 | loss 1.1044 pol 1.0979 rf 0.0654 acc 70.3% | 14 it/s
step 113900 | lr 1.50e-05 | loss 1.1100 pol 1.1022 rf 0.0786 acc 68.8% | 14 it/s
step 114000 | lr 1.50e-05 | loss 1.0960 pol 1.0882 rf 0.0774 acc 69.9% | 14 it/s
[eval] step 114000 val_loss 1.1217 val_acc 71.1%
step 114100 | lr 1.50e-05 | loss 1.0924 pol 1.0845 rf 0.0785 acc 70.2% | 14 it/s
step 114200 | lr 1.50e-05 | loss 1.1002 pol 1.0925 rf 0.0774 acc 70.3% | 14 it/s
step 114300 | lr 1.50e-05 | loss 1.0832 pol 1.0773 rf 0.0592 acc 71.0% | 14 it/s
step 114400 | lr 1.50e-05 | loss 1.0746 pol 1.0684 rf 0.0616 acc 71.4% | 14 it/s
step 114500 | lr 1.50e-05 | loss 1.0840 pol 1.0754 rf 0.0861 acc 71.0% | 14 it/s
step 114600 | lr 1.50e-05 | loss 1.1114 pol 1.1036 rf 0.0787 acc 69.0% | 14 it/s
step 114700 | lr 1.50e-05 | loss 1.0961 pol 1.0888 rf 0.0729 acc 69.4% | 14 it/s
step 114800 | lr 1.50e-05 | loss 1.1009 pol 1.0932 rf 0.0769 acc 69.5% | 14 it/s
step 114900 | lr 1.50e-05 | loss 1.0905 pol 1.0838 rf 0.0673 acc 70.6% | 14 it/s
step 115000 | lr 1.50e-05 | loss 1.0767 pol 1.0714 rf 0.0520 acc 71.4% | 14 it/s
step 115100 | lr 1.50e-05 | loss 1.0763 pol 1.0687 rf 0.0756 acc 71.5% | 14 it/s
step 115200 | lr 1.50e-05 | loss 1.0969 pol 1.0879 rf 0.0901 acc 70.8% | 14 it/s
step 115300 | lr 1.50e-05 | loss 1.1015 pol 1.0930 rf 0.0854 acc 69.8% | 14 it/s
step 115400 | lr 1.50e-05 | loss 1.0933 pol 1.0857 rf 0.0759 acc 69.7% | 14 it/s
step 115500 | lr 1.50e-05 | loss 1.0941 pol 1.0871 rf 0.0699 acc 69.7% | 14 it/s
step 115600 | lr 1.50e-05 | loss 1.0966 pol 1.0900 rf 0.0667 acc 70.5% | 14 it/s
step 115700 | lr 1.50e-05 | loss 1.0942 pol 1.0879 rf 0.0631 acc 70.6% | 14 it/s
step 115800 | lr 1.50e-05 | loss 1.0811 pol 1.0758 rf 0.0527 acc 71.2% | 14 it/s
step 115900 | lr 1.50e-05 | loss 1.0881 pol 1.0816 rf 0.0650 acc 70.9% | 14 it/s
step 116000 | lr 1.50e-05 | loss 1.0943 pol 1.0858 rf 0.0853 acc 70.6% | 14 it/s
[eval] step 116000 val_loss 1.0802 val_acc 71.2%
step 116100 | lr 1.50e-05 | loss 1.0956 pol 1.0881 rf 0.0747 acc 69.5% | 14 it/s
step 116200 | lr 1.50e-05 | loss 1.1025 pol 1.0953 rf 0.0719 acc 68.9% | 14 it/s
step 116300 | lr 1.50e-05 | loss 1.1111 pol 1.1032 rf 0.0784 acc 69.9% | 14 it/s
step 116400 | lr 1.50e-05 | loss 1.0834 pol 1.0774 rf 0.0601 acc 71.2% | 14 it/s
step 116500 | lr 1.50e-05 | loss 1.0669 pol 1.0622 rf 0.0466 acc 71.9% | 14 it/s
step 116600 | lr 1.50e-05 | loss 1.0947 pol 1.0885 rf 0.0629 acc 69.9% | 14 it/s
step 116700 | lr 1.50e-05 | loss 1.1071 pol 1.1002 rf 0.0685 acc 69.1% | 14 it/s
step 116800 | lr 1.50e-05 | loss 1.0915 pol 1.0847 rf 0.0678 acc 70.1% | 14 it/s
step 116900 | lr 1.50e-05 | loss 1.0994 pol 1.0920 rf 0.0744 acc 69.2% | 14 it/s
step 117000 | lr 1.50e-05 | loss 1.0956 pol 1.0885 rf 0.0708 acc 70.2% | 14 it/s
step 117100 | lr 1.50e-05 | loss 1.1059 pol 1.0986 rf 0.0731 acc 69.3% | 14 it/s
step 117200 | lr 1.50e-05 | loss 1.0962 pol 1.0888 rf 0.0737 acc 69.2% | 14 it/s
step 117300 | lr 1.50e-05 | loss 1.0895 pol 1.0823 rf 0.0722 acc 69.7% | 14 it/s
step 117400 | lr 1.50e-05 | loss 1.0920 pol 1.0848 rf 0.0711 acc 69.7% | 14 it/s
step 117500 | lr 1.50e-05 | loss 1.1239 pol 1.1169 rf 0.0701 acc 69.1% | 14 it/s
step 117600 | lr 1.50e-05 | loss 1.0891 pol 1.0824 rf 0.0669 acc 70.7% | 14 it/s
step 117700 | lr 1.50e-05 | loss 1.0922 pol 1.0851 rf 0.0708 acc 70.8% | 14 it/s
step 117800 | lr 1.50e-05 | loss 1.1000 pol 1.0919 rf 0.0815 acc 70.0% | 14 it/s
step 117900 | lr 1.50e-05 | loss 1.1042 pol 1.0962 rf 0.0802 acc 70.0% | 14 it/s
step 118000 | lr 1.50e-05 | loss 1.0895 pol 1.0822 rf 0.0731 acc 70.5% | 14 it/s
[eval] step 118000 val_loss 1.0836 val_acc 71.2%
step 118100 | lr 1.50e-05 | loss 1.0863 pol 1.0810 rf 0.0533 acc 71.1% | 14 it/s
step 118200 | lr 1.50e-05 | loss 1.0875 pol 1.0825 rf 0.0507 acc 70.9% | 14 it/s
step 118300 | lr 1.50e-05 | loss 1.1175 pol 1.1127 rf 0.0474 acc 68.8% | 14 it/s
step 118400 | lr 1.50e-05 | loss 1.1109 pol 1.1055 rf 0.0546 acc 69.0% | 14 it/s
step 118500 | lr 1.50e-05 | loss 1.0905 pol 1.0825 rf 0.0807 acc 70.2% | 14 it/s
step 118600 | lr 1.50e-05 | loss 1.1012 pol 1.0935 rf 0.0775 acc 70.0% | 14 it/s
step 118700 | lr 1.50e-05 | loss 1.1150 pol 1.1076 rf 0.0740 acc 69.9% | 14 it/s
step 118800 | lr 1.50e-05 | loss 1.1172 pol 1.1093 rf 0.0796 acc 68.3% | 14 it/s
step 118900 | lr 1.50e-05 | loss 1.1083 pol 1.1035 rf 0.0482 acc 69.0% | 14 it/s
step 119000 | lr 1.50e-05 | loss 1.1115 pol 1.1067 rf 0.0476 acc 68.9% | 14 it/s
step 119100 | lr 1.50e-05 | loss 1.0834 pol 1.0775 rf 0.0588 acc 71.2% | 14 it/s
step 119200 | lr 1.50e-05 | loss 1.0851 pol 1.0789 rf 0.0617 acc 70.9% | 14 it/s
step 119300 | lr 1.50e-05 | loss 1.1008 pol 1.0962 rf 0.0460 acc 69.1% | 14 it/s
step 119400 | lr 1.50e-05 | loss 1.1045 pol 1.1000 rf 0.0453 acc 68.8% | 14 it/s
step 119500 | lr 1.50e-05 | loss 1.1103 pol 1.1052 rf 0.0509 acc 69.0% | 14 it/s
step 119600 | lr 1.50e-05 | loss 1.1092 pol 1.1041 rf 0.0514 acc 69.0% | 14 it/s
step 119700 | lr 1.50e-05 | loss 1.0936 pol 1.0866 rf 0.0698 acc 69.6% | 14 it/s
step 119800 | lr 1.50e-05 | loss 1.1073 pol 1.1004 rf 0.0686 acc 69.7% | 14 it/s
step 119900 | lr 1.50e-05 | loss 1.0978 pol 1.0904 rf 0.0740 acc 69.5% | 14 it/s
step 120000 | lr 1.50e-05 | loss 1.0973 pol 1.0899 rf 0.0745 acc 69.8% | 14 it/s
[eval] step 120000 val_loss 1.0968 val_acc 71.1%
