Capped GPU memory fraction to 0.80
train shards: 251, val shards: 13
train samples: 49,522,309, val samples: 2,494,517
model: 1.81M params
step    100 | lr 1.50e-05 | loss 2.3840 pol 2.3018 rf 0.4112 acc 21.1% | 10 it/s
step    200 | lr 3.00e-05 | loss 1.5809 pol 1.5533 rf 0.1379 acc 45.3% | 12 it/s
step    300 | lr 4.50e-05 | loss 1.2112 pol 1.1919 rf 0.0965 acc 64.6% | 13 it/s
step    400 | lr 6.00e-05 | loss 1.1055 pol 1.0898 rf 0.0787 acc 66.5% | 14 it/s
step    500 | lr 7.50e-05 | loss 1.1025 pol 1.0852 rf 0.0864 acc 64.5% | 14 it/s
step    600 | lr 9.00e-05 | loss 1.0663 pol 1.0492 rf 0.0851 acc 65.9% | 14 it/s
step    700 | lr 1.05e-04 | loss 1.0150 pol 0.9969 rf 0.0901 acc 68.9% | 14 it/s
step    800 | lr 1.20e-04 | loss 1.0070 pol 0.9899 rf 0.0854 acc 68.5% | 14 it/s
step    900 | lr 1.35e-04 | loss 0.9940 pol 0.9834 rf 0.0527 acc 67.6% | 14 it/s
step   1000 | lr 1.50e-04 | loss 0.9736 pol 0.9630 rf 0.0530 acc 68.5% | 14 it/s
step   1100 | lr 1.65e-04 | loss 0.9444 pol 0.9334 rf 0.0552 acc 70.1% | 14 it/s
step   1200 | lr 1.80e-04 | loss 0.9618 pol 0.9473 rf 0.0727 acc 69.2% | 14 it/s
step   1300 | lr 1.95e-04 | loss 0.9532 pol 0.9384 rf 0.0740 acc 69.3% | 14 it/s
step   1400 | lr 2.10e-04 | loss 1.0272 pol 1.0125 rf 0.0733 acc 67.1% | 14 it/s
step   1500 | lr 2.25e-04 | loss 1.0092 pol 0.9960 rf 0.0664 acc 67.3% | 14 it/s
step   1600 | lr 2.40e-04 | loss 0.9872 pol 0.9725 rf 0.0739 acc 67.6% | 14 it/s
step   1700 | lr 2.55e-04 | loss 0.9831 pol 0.9685 rf 0.0733 acc 67.7% | 15 it/s
step   1800 | lr 2.70e-04 | loss 0.9650 pol 0.9496 rf 0.0768 acc 69.4% | 15 it/s
step   1900 | lr 2.85e-04 | loss 0.9641 pol 0.9501 rf 0.0700 acc 68.9% | 15 it/s
step   2000 | lr 3.00e-04 | loss 0.9696 pol 0.9590 rf 0.0533 acc 67.8% | 15 it/s
[eval] step 2000 val_loss 1.0283 val_acc 69.0%
  -> saved best (1.0283)
step   2100 | lr 3.00e-04 | loss 0.9630 pol 0.9526 rf 0.0521 acc 67.8% | 14 it/s
step   2200 | lr 3.00e-04 | loss 0.9849 pol 0.9720 rf 0.0647 acc 68.4% | 14 it/s
step   2300 | lr 3.00e-04 | loss 0.9862 pol 0.9726 rf 0.0677 acc 68.3% | 14 it/s
step   2400 | lr 3.00e-04 | loss 0.9529 pol 0.9395 rf 0.0670 acc 69.1% | 14 it/s
step   2500 | lr 3.00e-04 | loss 0.9489 pol 0.9356 rf 0.0664 acc 69.2% | 14 it/s
step   2600 | lr 3.00e-04 | loss 0.9382 pol 0.9262 rf 0.0599 acc 69.1% | 14 it/s
step   2700 | lr 3.00e-04 | loss 0.9474 pol 0.9353 rf 0.0604 acc 68.6% | 14 it/s
step   2800 | lr 3.00e-04 | loss 0.9538 pol 0.9413 rf 0.0624 acc 68.1% | 15 it/s
step   2900 | lr 3.00e-04 | loss 0.9581 pol 0.9451 rf 0.0648 acc 68.3% | 15 it/s
step   3000 | lr 3.00e-04 | loss 0.9402 pol 0.9262 rf 0.0702 acc 69.3% | 15 it/s
step   3100 | lr 3.00e-04 | loss 0.9412 pol 0.9272 rf 0.0701 acc 69.1% | 15 it/s
step   3200 | lr 3.00e-04 | loss 0.9592 pol 0.9454 rf 0.0687 acc 67.9% | 15 it/s
step   3300 | lr 3.00e-04 | loss 0.9485 pol 0.9364 rf 0.0606 acc 68.9% | 15 it/s
step   3400 | lr 3.00e-04 | loss 0.9417 pol 0.9291 rf 0.0630 acc 68.9% | 15 it/s
step   3500 | lr 3.00e-04 | loss 0.9494 pol 0.9365 rf 0.0645 acc 68.4% | 15 it/s
step   3600 | lr 3.00e-04 | loss 0.9460 pol 0.9320 rf 0.0702 acc 69.5% | 15 it/s
step   3700 | lr 3.00e-04 | loss 0.9338 pol 0.9204 rf 0.0667 acc 69.5% | 15 it/s
step   3800 | lr 3.00e-04 | loss 0.9580 pol 0.9445 rf 0.0679 acc 68.2% | 15 it/s
step   3900 | lr 3.00e-04 | loss 0.9463 pol 0.9330 rf 0.0663 acc 68.5% | 15 it/s
step   4000 | lr 3.00e-04 | loss 0.9520 pol 0.9379 rf 0.0708 acc 68.3% | 15 it/s
[eval] step 4000 val_loss 1.0605 val_acc 68.4%
step   4100 | lr 3.00e-04 | loss 0.9480 pol 0.9343 rf 0.0683 acc 68.5% | 15 it/s
step   4200 | lr 3.00e-04 | loss 0.9227 pol 0.9112 rf 0.0576 acc 70.5% | 15 it/s
step   4300 | lr 3.00e-04 | loss 0.9155 pol 0.9039 rf 0.0580 acc 70.7% | 15 it/s
step   4400 | lr 3.00e-04 | loss 0.9231 pol 0.9112 rf 0.0597 acc 69.8% | 15 it/s
step   4500 | lr 3.00e-04 | loss 0.9217 pol 0.9098 rf 0.0591 acc 70.0% | 15 it/s
step   4600 | lr 3.00e-04 | loss 0.9184 pol 0.9074 rf 0.0551 acc 70.6% | 15 it/s
step   4700 | lr 3.00e-04 | loss 0.9256 pol 0.9142 rf 0.0566 acc 70.4% | 15 it/s
step   4800 | lr 3.00e-04 | loss 0.9497 pol 0.9363 rf 0.0669 acc 68.9% | 15 it/s
step   4900 | lr 3.00e-04 | loss 0.9428 pol 0.9296 rf 0.0661 acc 69.2% | 15 it/s
step   5000 | lr 3.00e-04 | loss 0.9281 pol 0.9144 rf 0.0681 acc 69.7% | 15 it/s
step   5100 | lr 3.00e-04 | loss 0.9204 pol 0.9075 rf 0.0649 acc 70.1% | 15 it/s
step   5200 | lr 3.00e-04 | loss 0.8865 pol 0.8780 rf 0.0422 acc 71.4% | 15 it/s
step   5300 | lr 3.00e-04 | loss 0.9005 pol 0.8898 rf 0.0537 acc 71.1% | 15 it/s
step   5400 | lr 3.00e-04 | loss 0.9196 pol 0.9050 rf 0.0730 acc 70.1% | 15 it/s
step   5500 | lr 3.00e-04 | loss 0.9341 pol 0.9197 rf 0.0723 acc 69.4% | 15 it/s
step   5600 | lr 3.00e-04 | loss 0.9538 pol 0.9396 rf 0.0713 acc 68.0% | 15 it/s
step   5700 | lr 3.00e-04 | loss 0.9391 pol 0.9275 rf 0.0583 acc 69.0% | 15 it/s
step   5800 | lr 3.00e-04 | loss 0.8880 pol 0.8795 rf 0.0425 acc 71.3% | 15 it/s
step   5900 | lr 3.00e-04 | loss 0.8975 pol 0.8883 rf 0.0460 acc 70.8% | 15 it/s
step   6000 | lr 3.00e-04 | loss 0.9076 pol 0.8978 rf 0.0486 acc 70.4% | 15 it/s
[eval] step 6000 val_loss 0.9307 val_acc 69.8%
  -> saved best (0.9307)
step   6100 | lr 3.00e-04 | loss 0.9150 pol 0.9037 rf 0.0566 acc 69.8% | 15 it/s
step   6200 | lr 3.00e-04 | loss 0.9167 pol 0.9052 rf 0.0572 acc 69.5% | 15 it/s
step   6300 | lr 3.00e-04 | loss 0.9386 pol 0.9269 rf 0.0588 acc 68.7% | 15 it/s
step   6400 | lr 3.00e-04 | loss 0.9414 pol 0.9295 rf 0.0596 acc 68.3% | 15 it/s
step   6500 | lr 3.00e-04 | loss 0.9608 pol 0.9486 rf 0.0606 acc 68.3% | 15 it/s
step   6600 | lr 3.00e-04 | loss 0.9621 pol 0.9498 rf 0.0612 acc 68.7% | 15 it/s
step   6700 | lr 3.00e-04 | loss 0.9579 pol 0.9444 rf 0.0675 acc 68.4% | 15 it/s
step   6800 | lr 3.00e-04 | loss 0.9475 pol 0.9340 rf 0.0675 acc 68.3% | 15 it/s
step   6900 | lr 3.00e-04 | loss 0.9356 pol 0.9236 rf 0.0598 acc 68.9% | 15 it/s
step   7000 | lr 3.00e-04 | loss 0.9161 pol 0.9045 rf 0.0579 acc 69.6% | 15 it/s
step   7100 | lr 3.00e-04 | loss 0.9192 pol 0.9059 rf 0.0666 acc 70.0% | 15 it/s
step   7200 | lr 2.99e-04 | loss 0.9160 pol 0.9025 rf 0.0676 acc 70.0% | 15 it/s
step   7300 | lr 2.99e-04 | loss 0.9599 pol 0.9462 rf 0.0686 acc 69.0% | 15 it/s
step   7400 | lr 2.99e-04 | loss 0.9583 pol 0.9451 rf 0.0660 acc 68.8% | 15 it/s
step   7500 | lr 2.99e-04 | loss 0.9351 pol 0.9219 rf 0.0661 acc 69.5% | 15 it/s
step   7600 | lr 2.99e-04 | loss 0.9314 pol 0.9170 rf 0.0718 acc 69.6% | 15 it/s
step   7700 | lr 2.99e-04 | loss 0.9502 pol 0.9365 rf 0.0686 acc 68.5% | 15 it/s
step   7800 | lr 2.99e-04 | loss 0.9445 pol 0.9309 rf 0.0681 acc 68.1% | 15 it/s
step   7900 | lr 2.99e-04 | loss 0.9546 pol 0.9405 rf 0.0705 acc 68.0% | 15 it/s
step   8000 | lr 2.99e-04 | loss 0.9552 pol 0.9405 rf 0.0735 acc 68.1% | 15 it/s
[eval] step 8000 val_loss 0.9881 val_acc 69.5%
step   8100 | lr 2.99e-04 | loss 0.9458 pol 0.9335 rf 0.0614 acc 69.3% | 14 it/s
step   8200 | lr 2.99e-04 | loss 0.9482 pol 0.9368 rf 0.0568 acc 69.1% | 14 it/s
step   8300 | lr 2.99e-04 | loss 0.9035 pol 0.8935 rf 0.0502 acc 70.8% | 14 it/s
step   8400 | lr 2.99e-04 | loss 0.9320 pol 0.9175 rf 0.0727 acc 69.5% | 14 it/s
step   8500 | lr 2.99e-04 | loss 0.9363 pol 0.9223 rf 0.0697 acc 69.0% | 14 it/s
step   8600 | lr 2.99e-04 | loss 0.9538 pol 0.9398 rf 0.0702 acc 67.7% | 14 it/s
step   8700 | lr 2.99e-04 | loss 0.9545 pol 0.9425 rf 0.0597 acc 67.8% | 14 it/s
step   8800 | lr 2.99e-04 | loss 0.9352 pol 0.9257 rf 0.0476 acc 68.6% | 14 it/s
step   8900 | lr 2.99e-04 | loss 0.9483 pol 0.9377 rf 0.0530 acc 68.6% | 14 it/s
step   9000 | lr 2.99e-04 | loss 0.9519 pol 0.9399 rf 0.0599 acc 68.8% | 14 it/s
step   9100 | lr 2.99e-04 | loss 0.9281 pol 0.9173 rf 0.0538 acc 69.9% | 14 it/s
step   9200 | lr 2.99e-04 | loss 0.9081 pol 0.8975 rf 0.0527 acc 70.9% | 14 it/s
step   9300 | lr 2.99e-04 | loss 0.9291 pol 0.9170 rf 0.0603 acc 69.5% | 14 it/s
step   9400 | lr 2.99e-04 | loss 0.9432 pol 0.9296 rf 0.0682 acc 68.3% | 14 it/s
step   9500 | lr 2.99e-04 | loss 0.9291 pol 0.9157 rf 0.0668 acc 69.3% | 14 it/s
step   9600 | lr 2.99e-04 | loss 0.9125 pol 0.8988 rf 0.0683 acc 69.9% | 14 it/s
step   9700 | lr 2.99e-04 | loss 0.9193 pol 0.9053 rf 0.0698 acc 69.7% | 14 it/s
step   9800 | lr 2.99e-04 | loss 0.9181 pol 0.9039 rf 0.0712 acc 69.6% | 14 it/s
step   9900 | lr 2.99e-04 | loss 0.9316 pol 0.9202 rf 0.0569 acc 68.9% | 14 it/s
step  10000 | lr 2.99e-04 | loss 0.9343 pol 0.9248 rf 0.0473 acc 68.5% | 14 it/s
[eval] step 10000 val_loss 1.0173 val_acc 69.1%
step  10100 | lr 2.99e-04 | loss 0.9279 pol 0.9153 rf 0.0627 acc 69.7% | 14 it/s
step  10200 | lr 2.99e-04 | loss 0.9119 pol 0.8989 rf 0.0650 acc 70.1% | 14 it/s
step  10300 | lr 2.99e-04 | loss 0.9421 pol 0.9303 rf 0.0591 acc 69.2% | 14 it/s
step  10400 | lr 2.99e-04 | loss 0.9590 pol 0.9471 rf 0.0592 acc 68.6% | 14 it/s
step  10500 | lr 2.99e-04 | loss 0.9622 pol 0.9498 rf 0.0618 acc 68.2% | 14 it/s
step  10600 | lr 2.99e-04 | loss 0.9606 pol 0.9480 rf 0.0629 acc 68.1% | 14 it/s
step  10700 | lr 2.99e-04 | loss 0.9668 pol 0.9524 rf 0.0718 acc 68.1% | 14 it/s
step  10800 | lr 2.99e-04 | loss 0.9586 pol 0.9439 rf 0.0731 acc 68.5% | 14 it/s
step  10900 | lr 2.99e-04 | loss 0.9426 pol 0.9289 rf 0.0688 acc 68.4% | 14 it/s
step  11000 | lr 2.98e-04 | loss 0.9378 pol 0.9243 rf 0.0675 acc 68.5% | 14 it/s
step  11100 | lr 2.98e-04 | loss 0.9247 pol 0.9121 rf 0.0634 acc 69.4% | 14 it/s
step  11200 | lr 2.98e-04 | loss 0.9141 pol 0.9025 rf 0.0583 acc 69.8% | 14 it/s
step  11300 | lr 2.98e-04 | loss 0.9467 pol 0.9349 rf 0.0588 acc 68.7% | 14 it/s
step  11400 | lr 2.98e-04 | loss 0.9487 pol 0.9371 rf 0.0580 acc 68.5% | 14 it/s
step  11500 | lr 2.98e-04 | loss 0.9480 pol 0.9345 rf 0.0677 acc 68.1% | 14 it/s
step  11600 | lr 2.98e-04 | loss 0.9475 pol 0.9345 rf 0.0649 acc 68.2% | 14 it/s
step  11700 | lr 2.98e-04 | loss 0.9258 pol 0.9149 rf 0.0545 acc 69.0% | 14 it/s
step  11800 | lr 2.98e-04 | loss 0.9244 pol 0.9127 rf 0.0588 acc 69.1% | 14 it/s
step  11900 | lr 2.98e-04 | loss 0.9152 pol 0.9011 rf 0.0707 acc 69.9% | 14 it/s
step  12000 | lr 2.98e-04 | loss 0.9127 pol 0.8990 rf 0.0686 acc 70.1% | 14 it/s
[eval] step 12000 val_loss 0.9277 val_acc 69.9%
  -> saved best (0.9277)
step  12100 | lr 2.98e-04 | loss 0.9139 pol 0.9028 rf 0.0556 acc 69.4% | 14 it/s
step  12200 | lr 2.98e-04 | loss 0.9221 pol 0.9104 rf 0.0587 acc 69.3% | 14 it/s
step  12300 | lr 2.98e-04 | loss 0.9173 pol 0.9040 rf 0.0666 acc 69.7% | 14 it/s
step  12400 | lr 2.98e-04 | loss 0.9179 pol 0.9049 rf 0.0653 acc 69.6% | 14 it/s
step  12500 | lr 2.98e-04 | loss 0.9368 pol 0.9241 rf 0.0633 acc 68.4% | 14 it/s
step  12600 | lr 2.98e-04 | loss 0.9347 pol 0.9219 rf 0.0639 acc 68.3% | 14 it/s
step  12700 | lr 2.98e-04 | loss 0.9218 pol 0.9092 rf 0.0629 acc 69.0% | 14 it/s
step  12800 | lr 2.98e-04 | loss 0.9272 pol 0.9142 rf 0.0646 acc 69.2% | 14 it/s
step  12900 | lr 2.98e-04 | loss 0.9087 pol 0.8946 rf 0.0702 acc 70.1% | 14 it/s
step  13000 | lr 2.98e-04 | loss 0.9123 pol 0.8983 rf 0.0698 acc 69.8% | 14 it/s
step  13100 | lr 2.98e-04 | loss 0.9079 pol 0.8940 rf 0.0692 acc 69.9% | 14 it/s
step  13200 | lr 2.98e-04 | loss 0.9291 pol 0.9155 rf 0.0679 acc 69.7% | 14 it/s
step  13300 | lr 2.98e-04 | loss 0.9199 pol 0.9087 rf 0.0563 acc 69.4% | 14 it/s
step  13400 | lr 2.98e-04 | loss 0.9208 pol 0.9082 rf 0.0627 acc 69.5% | 14 it/s
step  13500 | lr 2.98e-04 | loss 0.9166 pol 0.9035 rf 0.0653 acc 69.8% | 14 it/s
step  13600 | lr 2.97e-04 | loss 0.9301 pol 0.9175 rf 0.0632 acc 69.1% | 14 it/s
step  13700 | lr 2.97e-04 | loss 0.9285 pol 0.9152 rf 0.0663 acc 68.7% | 14 it/s
step  13800 | lr 2.97e-04 | loss 0.9272 pol 0.9142 rf 0.0648 acc 68.6% | 14 it/s
step  13900 | lr 2.97e-04 | loss 0.9317 pol 0.9192 rf 0.0628 acc 68.4% | 14 it/s
step  14000 | lr 2.97e-04 | loss 0.9139 pol 0.9034 rf 0.0525 acc 70.1% | 14 it/s
[eval] step 14000 val_loss 0.9333 val_acc 70.0%
step  14100 | lr 2.97e-04 | loss 0.8997 pol 0.8906 rf 0.0456 acc 70.6% | 14 it/s
step  14200 | lr 2.97e-04 | loss 0.9463 pol 0.9324 rf 0.0692 acc 67.9% | 14 it/s
step  14300 | lr 2.97e-04 | loss 0.9495 pol 0.9356 rf 0.0696 acc 68.2% | 14 it/s
step  14400 | lr 2.97e-04 | loss 0.9248 pol 0.9130 rf 0.0594 acc 69.3% | 14 it/s
step  14500 | lr 2.97e-04 | loss 0.9294 pol 0.9175 rf 0.0594 acc 69.0% | 14 it/s
step  14600 | lr 2.97e-04 | loss 0.9300 pol 0.9172 rf 0.0642 acc 68.6% | 14 it/s
step  14700 | lr 2.97e-04 | loss 0.9426 pol 0.9289 rf 0.0684 acc 68.4% | 14 it/s
step  14800 | lr 2.97e-04 | loss 0.9364 pol 0.9239 rf 0.0625 acc 68.6% | 14 it/s
step  14900 | lr 2.97e-04 | loss 0.9283 pol 0.9163 rf 0.0597 acc 69.0% | 14 it/s
step  15000 | lr 2.97e-04 | loss 0.9202 pol 0.9093 rf 0.0543 acc 69.1% | 14 it/s
step  15100 | lr 2.97e-04 | loss 0.9369 pol 0.9252 rf 0.0588 acc 68.9% | 14 it/s
step  15200 | lr 2.97e-04 | loss 0.9598 pol 0.9476 rf 0.0613 acc 68.2% | 14 it/s
step  15300 | lr 2.97e-04 | loss 0.9422 pol 0.9300 rf 0.0613 acc 68.7% | 14 it/s
step  15400 | lr 2.97e-04 | loss 0.9192 pol 0.9050 rf 0.0712 acc 70.0% | 14 it/s
step  15500 | lr 2.97e-04 | loss 0.9392 pol 0.9257 rf 0.0674 acc 68.8% | 14 it/s
step  15600 | lr 2.97e-04 | loss 0.9408 pol 0.9273 rf 0.0677 acc 68.1% | 14 it/s
step  15700 | lr 2.96e-04 | loss 0.9518 pol 0.9377 rf 0.0704 acc 68.0% | 14 it/s
step  15800 | lr 2.96e-04 | loss 0.9533 pol 0.9394 rf 0.0693 acc 68.2% | 14 it/s
step  15900 | lr 2.96e-04 | loss 0.9238 pol 0.9124 rf 0.0572 acc 69.8% | 14 it/s
step  16000 | lr 2.96e-04 | loss 0.8956 pol 0.8858 rf 0.0488 acc 71.1% | 14 it/s
[eval] step 16000 val_loss 0.9563 val_acc 69.9%
step  16100 | lr 2.96e-04 | loss 0.9369 pol 0.9247 rf 0.0609 acc 68.9% | 14 it/s
step  16200 | lr 2.96e-04 | loss 0.9548 pol 0.9406 rf 0.0710 acc 67.5% | 14 it/s
step  16300 | lr 2.96e-04 | loss 0.9416 pol 0.9274 rf 0.0709 acc 68.1% | 14 it/s
step  16400 | lr 2.96e-04 | loss 0.9406 pol 0.9268 rf 0.0687 acc 68.1% | 14 it/s
step  16500 | lr 2.96e-04 | loss 0.9308 pol 0.9177 rf 0.0654 acc 68.7% | 14 it/s
step  16600 | lr 2.96e-04 | loss 0.9200 pol 0.9072 rf 0.0642 acc 69.0% | 14 it/s
step  16700 | lr 2.96e-04 | loss 0.8965 pol 0.8869 rf 0.0479 acc 70.9% | 14 it/s
step  16800 | lr 2.96e-04 | loss 0.8736 pol 0.8654 rf 0.0410 acc 71.7% | 14 it/s
step  16900 | lr 2.96e-04 | loss 0.9291 pol 0.9167 rf 0.0620 acc 69.0% | 14 it/s
step  17000 | lr 2.96e-04 | loss 0.9334 pol 0.9208 rf 0.0634 acc 68.3% | 14 it/s
step  17100 | lr 2.96e-04 | loss 0.9353 pol 0.9210 rf 0.0715 acc 69.7% | 14 it/s
step  17200 | lr 2.96e-04 | loss 0.9168 pol 0.9031 rf 0.0689 acc 70.1% | 14 it/s
step  17300 | lr 2.96e-04 | loss 0.9597 pol 0.9457 rf 0.0698 acc 67.7% | 14 it/s
step  17400 | lr 2.96e-04 | loss 0.9521 pol 0.9377 rf 0.0719 acc 67.7% | 14 it/s
step  17500 | lr 2.95e-04 | loss 0.9365 pol 0.9237 rf 0.0637 acc 69.1% | 14 it/s
step  17600 | lr 2.95e-04 | loss 0.9242 pol 0.9123 rf 0.0596 acc 69.4% | 14 it/s
step  17700 | lr 2.95e-04 | loss 0.9355 pol 0.9239 rf 0.0579 acc 68.4% | 14 it/s
step  17800 | lr 2.95e-04 | loss 0.9352 pol 0.9237 rf 0.0573 acc 68.4% | 14 it/s
step  17900 | lr 2.95e-04 | loss 0.9224 pol 0.9106 rf 0.0590 acc 70.2% | 14 it/s
step  18000 | lr 2.95e-04 | loss 0.9298 pol 0.9180 rf 0.0591 acc 69.9% | 14 it/s
[eval] step 18000 val_loss 0.9547 val_acc 70.1%
step  18100 | lr 2.95e-04 | loss 0.9453 pol 0.9336 rf 0.0588 acc 68.7% | 14 it/s
step  18200 | lr 2.95e-04 | loss 0.9490 pol 0.9371 rf 0.0595 acc 68.6% | 14 it/s
step  18300 | lr 2.95e-04 | loss 0.9566 pol 0.9451 rf 0.0577 acc 68.2% | 14 it/s
step  18400 | lr 2.95e-04 | loss 0.9466 pol 0.9343 rf 0.0614 acc 68.6% | 14 it/s
step  18500 | lr 2.95e-04 | loss 0.9182 pol 0.9043 rf 0.0692 acc 69.9% | 14 it/s
step  18600 | lr 2.95e-04 | loss 0.9175 pol 0.9035 rf 0.0702 acc 69.9% | 14 it/s
step  18700 | lr 2.95e-04 | loss 0.9007 pol 0.8868 rf 0.0693 acc 70.6% | 14 it/s
step  18800 | lr 2.95e-04 | loss 0.9188 pol 0.9048 rf 0.0696 acc 69.8% | 14 it/s
step  18900 | lr 2.95e-04 | loss 0.9384 pol 0.9245 rf 0.0694 acc 68.5% | 14 it/s
step  19000 | lr 2.95e-04 | loss 0.9380 pol 0.9251 rf 0.0646 acc 68.1% | 14 it/s
step  19100 | lr 2.95e-04 | loss 0.9508 pol 0.9367 rf 0.0703 acc 67.6% | 14 it/s
step  19200 | lr 2.94e-04 | loss 0.9665 pol 0.9530 rf 0.0676 acc 67.8% | 14 it/s
step  19300 | lr 2.94e-04 | loss 0.9460 pol 0.9328 rf 0.0659 acc 69.2% | 14 it/s
step  19400 | lr 2.94e-04 | loss 0.9487 pol 0.9372 rf 0.0575 acc 68.7% | 14 it/s
step  19500 | lr 2.94e-04 | loss 0.9341 pol 0.9250 rf 0.0455 acc 68.0% | 14 it/s
step  19600 | lr 2.94e-04 | loss 0.9315 pol 0.9206 rf 0.0545 acc 68.4% | 14 it/s
step  19700 | lr 2.94e-04 | loss 0.9303 pol 0.9175 rf 0.0638 acc 68.6% | 14 it/s
step  19800 | lr 2.94e-04 | loss 0.9349 pol 0.9231 rf 0.0593 acc 68.7% | 14 it/s
step  19900 | lr 2.94e-04 | loss 0.9340 pol 0.9213 rf 0.0633 acc 68.9% | 14 it/s
step  20000 | lr 2.94e-04 | loss 0.9334 pol 0.9207 rf 0.0635 acc 68.7% | 14 it/s
[eval] step 20000 val_loss 1.0230 val_acc 69.1%
step  20100 | lr 2.94e-04 | loss 0.9370 pol 0.9238 rf 0.0660 acc 68.2% | 14 it/s
step  20200 | lr 2.94e-04 | loss 0.9252 pol 0.9120 rf 0.0662 acc 69.2% | 14 it/s
step  20300 | lr 2.94e-04 | loss 0.9088 pol 0.8955 rf 0.0666 acc 69.8% | 14 it/s
step  20400 | lr 2.94e-04 | loss 0.9322 pol 0.9189 rf 0.0667 acc 69.5% | 14 it/s
step  20500 | lr 2.94e-04 | loss 0.9288 pol 0.9172 rf 0.0578 acc 69.0% | 14 it/s
step  20600 | lr 2.94e-04 | loss 0.9327 pol 0.9228 rf 0.0494 acc 68.5% | 14 it/s
step  20700 | lr 2.93e-04 | loss 0.9273 pol 0.9180 rf 0.0466 acc 68.3% | 14 it/s
step  20800 | lr 2.93e-04 | loss 0.9079 pol 0.8985 rf 0.0475 acc 70.0% | 14 it/s
step  20900 | lr 2.93e-04 | loss 0.8970 pol 0.8879 rf 0.0455 acc 70.4% | 14 it/s
step  21000 | lr 2.93e-04 | loss 0.9027 pol 0.8897 rf 0.0651 acc 70.4% | 14 it/s
step  21100 | lr 2.93e-04 | loss 0.9039 pol 0.8906 rf 0.0668 acc 70.1% | 14 it/s
step  21200 | lr 2.93e-04 | loss 0.9304 pol 0.9181 rf 0.0613 acc 68.9% | 14 it/s
step  21300 | lr 2.93e-04 | loss 0.9310 pol 0.9177 rf 0.0667 acc 68.5% | 14 it/s
step  21400 | lr 2.93e-04 | loss 0.9488 pol 0.9367 rf 0.0602 acc 68.5% | 14 it/s
step  21500 | lr 2.93e-04 | loss 0.9380 pol 0.9266 rf 0.0568 acc 68.8% | 14 it/s
step  21600 | lr 2.93e-04 | loss 0.9058 pol 0.8933 rf 0.0628 acc 70.3% | 14 it/s
step  21700 | lr 2.93e-04 | loss 0.8986 pol 0.8861 rf 0.0626 acc 70.1% | 14 it/s
step  21800 | lr 2.93e-04 | loss 0.9175 pol 0.9058 rf 0.0583 acc 69.7% | 14 it/s
step  21900 | lr 2.93e-04 | loss 0.9082 pol 0.8970 rf 0.0561 acc 69.6% | 14 it/s
step  22000 | lr 2.93e-04 | loss 0.9197 pol 0.9083 rf 0.0574 acc 70.4% | 14 it/s
[eval] step 22000 val_loss 0.9439 val_acc 70.0%
step  22100 | lr 2.92e-04 | loss 0.9164 pol 0.9047 rf 0.0585 acc 70.4% | 14 it/s
step  22200 | lr 2.92e-04 | loss 0.9367 pol 0.9242 rf 0.0626 acc 68.4% | 14 it/s
step  22300 | lr 2.92e-04 | loss 0.9387 pol 0.9256 rf 0.0655 acc 68.2% | 14 it/s
step  22400 | lr 2.92e-04 | loss 0.9524 pol 0.9379 rf 0.0725 acc 67.7% | 14 it/s
step  22500 | lr 2.92e-04 | loss 0.9567 pol 0.9423 rf 0.0720 acc 68.2% | 14 it/s
step  22600 | lr 2.92e-04 | loss 0.9052 pol 0.8913 rf 0.0698 acc 70.4% | 14 it/s
step  22700 | lr 2.92e-04 | loss 0.9148 pol 0.9006 rf 0.0709 acc 70.1% | 14 it/s
step  22800 | lr 2.92e-04 | loss 0.9417 pol 0.9285 rf 0.0661 acc 68.1% | 14 it/s
step  22900 | lr 2.92e-04 | loss 0.9359 pol 0.9220 rf 0.0693 acc 68.5% | 14 it/s
step  23000 | lr 2.92e-04 | loss 0.9400 pol 0.9258 rf 0.0713 acc 68.1% | 14 it/s
step  23100 | lr 2.92e-04 | loss 0.9457 pol 0.9326 rf 0.0659 acc 68.4% | 14 it/s
step  23200 | lr 2.92e-04 | loss 0.9064 pol 0.8956 rf 0.0540 acc 69.5% | 14 it/s
step  23300 | lr 2.92e-04 | loss 0.9084 pol 0.8974 rf 0.0548 acc 69.5% | 14 it/s
step  23400 | lr 2.91e-04 | loss 0.9115 pol 0.9010 rf 0.0525 acc 69.5% | 14 it/s
step  23500 | lr 2.91e-04 | loss 0.9057 pol 0.8957 rf 0.0499 acc 70.2% | 14 it/s
step  23600 | lr 2.91e-04 | loss 0.8918 pol 0.8829 rf 0.0440 acc 71.0% | 14 it/s
step  23700 | lr 2.91e-04 | loss 0.9111 pol 0.9011 rf 0.0498 acc 70.3% | 14 it/s
step  23800 | lr 2.91e-04 | loss 0.9391 pol 0.9274 rf 0.0588 acc 69.0% | 14 it/s
step  23900 | lr 2.91e-04 | loss 0.9393 pol 0.9262 rf 0.0654 acc 68.9% | 14 it/s
step  24000 | lr 2.91e-04 | loss 0.9389 pol 0.9253 rf 0.0681 acc 68.2% | 14 it/s
[eval] step 24000 val_loss 1.0336 val_acc 69.4%
step  24100 | lr 2.91e-04 | loss 0.9301 pol 0.9165 rf 0.0683 acc 68.6% | 14 it/s
step  24200 | lr 2.91e-04 | loss 0.9270 pol 0.9144 rf 0.0634 acc 68.4% | 14 it/s
step  24300 | lr 2.91e-04 | loss 0.9394 pol 0.9268 rf 0.0631 acc 68.8% | 14 it/s
step  24400 | lr 2.91e-04 | loss 0.9147 pol 0.9032 rf 0.0574 acc 69.4% | 14 it/s
step  24500 | lr 2.91e-04 | loss 0.9095 pol 0.8994 rf 0.0508 acc 70.3% | 14 it/s
step  24600 | lr 2.90e-04 | loss 0.8934 pol 0.8844 rf 0.0449 acc 71.0% | 14 it/s
step  24700 | lr 2.90e-04 | loss 0.8910 pol 0.8816 rf 0.0470 acc 71.1% | 14 it/s
step  24800 | lr 2.90e-04 | loss 0.9148 pol 0.9034 rf 0.0570 acc 69.8% | 14 it/s
step  24900 | lr 2.90e-04 | loss 0.9451 pol 0.9306 rf 0.0724 acc 67.8% | 14 it/s
step  25000 | lr 2.90e-04 | loss 0.9475 pol 0.9341 rf 0.0671 acc 68.3% | 14 it/s
step  25100 | lr 2.90e-04 | loss 0.9206 pol 0.9091 rf 0.0574 acc 69.6% | 14 it/s
step  25200 | lr 2.90e-04 | loss 0.9382 pol 0.9271 rf 0.0557 acc 68.7% | 14 it/s
step  25300 | lr 2.90e-04 | loss 0.9314 pol 0.9220 rf 0.0468 acc 68.3% | 14 it/s
step  25400 | lr 2.90e-04 | loss 0.9206 pol 0.9097 rf 0.0544 acc 69.3% | 14 it/s
step  25500 | lr 2.90e-04 | loss 0.8975 pol 0.8844 rf 0.0657 acc 70.5% | 14 it/s
step  25600 | lr 2.90e-04 | loss 0.9370 pol 0.9244 rf 0.0633 acc 69.5% | 14 it/s
step  25700 | lr 2.90e-04 | loss 0.9448 pol 0.9329 rf 0.0597 acc 68.8% | 14 it/s
step  25800 | lr 2.89e-04 | loss 0.9507 pol 0.9378 rf 0.0642 acc 68.2% | 14 it/s
step  25900 | lr 2.89e-04 | loss 0.9499 pol 0.9355 rf 0.0718 acc 67.5% | 14 it/s
step  26000 | lr 2.89e-04 | loss 0.9386 pol 0.9253 rf 0.0664 acc 68.2% | 14 it/s
[eval] step 26000 val_loss 1.0465 val_acc 69.2%
step  26100 | lr 2.89e-04 | loss 0.9264 pol 0.9138 rf 0.0629 acc 68.7% | 14 it/s
step  26200 | lr 2.89e-04 | loss 0.9423 pol 0.9308 rf 0.0577 acc 68.7% | 14 it/s
step  26300 | lr 2.89e-04 | loss 0.9456 pol 0.9343 rf 0.0563 acc 68.6% | 14 it/s
step  26400 | lr 2.89e-04 | loss 0.9418 pol 0.9294 rf 0.0619 acc 68.3% | 14 it/s
step  26500 | lr 2.89e-04 | loss 0.9428 pol 0.9292 rf 0.0678 acc 68.1% | 14 it/s
step  26600 | lr 2.89e-04 | loss 0.9294 pol 0.9162 rf 0.0661 acc 68.7% | 14 it/s
step  26700 | lr 2.89e-04 | loss 0.9306 pol 0.9178 rf 0.0641 acc 68.4% | 14 it/s
step  26800 | lr 2.89e-04 | loss 0.9329 pol 0.9204 rf 0.0624 acc 69.2% | 14 it/s
step  26900 | lr 2.88e-04 | loss 0.9216 pol 0.9090 rf 0.0634 acc 69.4% | 14 it/s
step  27000 | lr 2.88e-04 | loss 0.9331 pol 0.9200 rf 0.0658 acc 68.6% | 14 it/s
step  27100 | lr 2.88e-04 | loss 0.9391 pol 0.9263 rf 0.0640 acc 68.2% | 14 it/s
step  27200 | lr 2.88e-04 | loss 0.9300 pol 0.9162 rf 0.0692 acc 70.0% | 14 it/s
step  27300 | lr 2.88e-04 | loss 0.9040 pol 0.8909 rf 0.0654 acc 70.3% | 14 it/s
step  27400 | lr 2.88e-04 | loss 0.9266 pol 0.9141 rf 0.0621 acc 69.3% | 14 it/s
step  27500 | lr 2.88e-04 | loss 0.9264 pol 0.9143 rf 0.0606 acc 69.2% | 14 it/s
step  27600 | lr 2.88e-04 | loss 0.9451 pol 0.9329 rf 0.0610 acc 68.9% | 14 it/s
step  27700 | lr 2.88e-04 | loss 0.9388 pol 0.9277 rf 0.0555 acc 69.0% | 14 it/s
step  27800 | lr 2.88e-04 | loss 0.9348 pol 0.9229 rf 0.0593 acc 68.5% | 14 it/s
step  27900 | lr 2.88e-04 | loss 0.9377 pol 0.9260 rf 0.0585 acc 68.4% | 14 it/s
step  28000 | lr 2.87e-04 | loss 0.9519 pol 0.9387 rf 0.0660 acc 67.5% | 14 it/s
[eval] step 28000 val_loss 1.0397 val_acc 69.1%
step  28100 | lr 2.87e-04 | loss 0.9453 pol 0.9317 rf 0.0682 acc 67.8% | 14 it/s
step  28200 | lr 2.87e-04 | loss 0.9292 pol 0.9157 rf 0.0676 acc 68.6% | 14 it/s
step  28300 | lr 2.87e-04 | loss 0.9416 pol 0.9278 rf 0.0690 acc 68.6% | 14 it/s
step  28400 | lr 2.87e-04 | loss 0.9498 pol 0.9383 rf 0.0574 acc 68.6% | 14 it/s
step  28500 | lr 2.87e-04 | loss 0.9516 pol 0.9396 rf 0.0597 acc 68.6% | 14 it/s
step  28600 | lr 2.87e-04 | loss 0.9353 pol 0.9232 rf 0.0605 acc 68.7% | 14 it/s
step  28700 | lr 2.87e-04 | loss 0.9327 pol 0.9204 rf 0.0612 acc 69.0% | 14 it/s
step  28800 | lr 2.87e-04 | loss 0.9137 pol 0.9003 rf 0.0672 acc 70.0% | 14 it/s
step  28900 | lr 2.87e-04 | loss 0.9302 pol 0.9182 rf 0.0601 acc 69.2% | 14 it/s
step  29000 | lr 2.86e-04 | loss 0.9564 pol 0.9449 rf 0.0577 acc 68.3% | 14 it/s
step  29100 | lr 2.86e-04 | loss 0.9535 pol 0.9428 rf 0.0534 acc 68.1% | 14 it/s
step  29200 | lr 2.86e-04 | loss 0.9306 pol 0.9214 rf 0.0460 acc 68.4% | 14 it/s
step  29300 | lr 2.86e-04 | loss 0.9299 pol 0.9183 rf 0.0581 acc 68.9% | 14 it/s
step  29400 | lr 2.86e-04 | loss 0.9089 pol 0.8957 rf 0.0656 acc 69.9% | 14 it/s
step  29500 | lr 2.86e-04 | loss 0.9256 pol 0.9124 rf 0.0658 acc 69.0% | 14 it/s
step  29600 | lr 2.86e-04 | loss 0.9393 pol 0.9260 rf 0.0665 acc 68.1% | 14 it/s
step  29700 | lr 2.86e-04 | loss 0.9330 pol 0.9204 rf 0.0629 acc 69.0% | 14 it/s
step  29800 | lr 2.86e-04 | loss 0.9269 pol 0.9144 rf 0.0624 acc 69.4% | 14 it/s
step  29900 | lr 2.86e-04 | loss 0.9099 pol 0.8971 rf 0.0638 acc 70.1% | 14 it/s
step  30000 | lr 2.85e-04 | loss 0.8973 pol 0.8847 rf 0.0628 acc 70.4% | 14 it/s
[eval] step 30000 val_loss 0.9113 val_acc 70.1%
  -> saved best (0.9113)
step  30100 | lr 2.85e-04 | loss 0.9103 pol 0.8973 rf 0.0648 acc 70.0% | 14 it/s
step  30200 | lr 2.85e-04 | loss 0.9164 pol 0.9033 rf 0.0651 acc 69.7% | 14 it/s
step  30300 | lr 2.85e-04 | loss 0.9338 pol 0.9220 rf 0.0589 acc 69.0% | 14 it/s
step  30400 | lr 2.85e-04 | loss 0.9335 pol 0.9217 rf 0.0590 acc 68.9% | 14 it/s
step  30500 | lr 2.85e-04 | loss 0.9204 pol 0.9094 rf 0.0551 acc 69.2% | 14 it/s
step  30600 | lr 2.85e-04 | loss 0.9147 pol 0.9036 rf 0.0559 acc 69.2% | 14 it/s
step  30700 | lr 2.85e-04 | loss 0.9287 pol 0.9196 rf 0.0457 acc 68.4% | 14 it/s
step  30800 | lr 2.85e-04 | loss 0.9119 pol 0.9035 rf 0.0420 acc 68.8% | 14 it/s
step  30900 | lr 2.85e-04 | loss 0.9297 pol 0.9182 rf 0.0575 acc 68.9% | 14 it/s
step  31000 | lr 2.84e-04 | loss 0.9266 pol 0.9142 rf 0.0623 acc 68.9% | 14 it/s
step  31100 | lr 2.84e-04 | loss 0.9290 pol 0.9171 rf 0.0592 acc 69.3% | 14 it/s
step  31200 | lr 2.84e-04 | loss 0.9240 pol 0.9112 rf 0.0644 acc 69.5% | 14 it/s
step  31300 | lr 2.84e-04 | loss 0.9455 pol 0.9322 rf 0.0665 acc 68.7% | 14 it/s
step  31400 | lr 2.84e-04 | loss 0.9480 pol 0.9339 rf 0.0705 acc 68.7% | 14 it/s
step  31500 | lr 2.84e-04 | loss 0.9062 pol 0.8952 rf 0.0551 acc 70.3% | 14 it/s
step  31600 | lr 2.84e-04 | loss 0.8985 pol 0.8880 rf 0.0525 acc 70.4% | 14 it/s
step  31700 | lr 2.84e-04 | loss 0.9381 pol 0.9250 rf 0.0654 acc 68.5% | 14 it/s
step  31800 | lr 2.84e-04 | loss 0.9301 pol 0.9172 rf 0.0643 acc 68.2% | 14 it/s
step  31900 | lr 2.83e-04 | loss 0.9310 pol 0.9184 rf 0.0631 acc 69.3% | 14 it/s
step  32000 | lr 2.83e-04 | loss 0.9209 pol 0.9086 rf 0.0615 acc 69.4% | 14 it/s
[eval] step 32000 val_loss 0.9335 val_acc 69.9%
step  32100 | lr 2.83e-04 | loss 0.9471 pol 0.9331 rf 0.0703 acc 67.9% | 14 it/s
step  32200 | lr 2.83e-04 | loss 0.9469 pol 0.9335 rf 0.0669 acc 67.9% | 14 it/s
step  32300 | lr 2.83e-04 | loss 0.9526 pol 0.9409 rf 0.0587 acc 68.5% | 14 it/s
step  32400 | lr 2.83e-04 | loss 0.9498 pol 0.9383 rf 0.0580 acc 68.4% | 14 it/s
step  32500 | lr 2.83e-04 | loss 0.9429 pol 0.9286 rf 0.0716 acc 68.2% | 14 it/s
step  32600 | lr 2.83e-04 | loss 0.9395 pol 0.9263 rf 0.0659 acc 67.9% | 14 it/s
step  32700 | lr 2.83e-04 | loss 0.9312 pol 0.9181 rf 0.0656 acc 68.4% | 14 it/s
step  32800 | lr 2.82e-04 | loss 0.9402 pol 0.9273 rf 0.0645 acc 68.0% | 14 it/s
step  32900 | lr 2.82e-04 | loss 0.9384 pol 0.9253 rf 0.0656 acc 68.1% | 14 it/s
step  33000 | lr 2.82e-04 | loss 0.9409 pol 0.9280 rf 0.0646 acc 67.8% | 14 it/s
step  33100 | lr 2.82e-04 | loss 0.9338 pol 0.9205 rf 0.0668 acc 68.1% | 14 it/s
step  33200 | lr 2.82e-04 | loss 0.9469 pol 0.9328 rf 0.0705 acc 68.2% | 14 it/s
step  33300 | lr 2.82e-04 | loss 0.9455 pol 0.9313 rf 0.0708 acc 68.5% | 14 it/s
step  33400 | lr 2.82e-04 | loss 0.9455 pol 0.9325 rf 0.0648 acc 68.8% | 14 it/s
step  33500 | lr 2.82e-04 | loss 0.9342 pol 0.9226 rf 0.0580 acc 69.2% | 14 it/s
step  33600 | lr 2.82e-04 | loss 0.9476 pol 0.9351 rf 0.0625 acc 68.5% | 14 it/s
step  33700 | lr 2.81e-04 | loss 0.9394 pol 0.9260 rf 0.0672 acc 68.0% | 14 it/s
step  33800 | lr 2.81e-04 | loss 0.9582 pol 0.9451 rf 0.0653 acc 68.3% | 14 it/s
step  33900 | lr 2.81e-04 | loss 0.9538 pol 0.9413 rf 0.0625 acc 68.7% | 14 it/s
step  34000 | lr 2.81e-04 | loss 0.9573 pol 0.9441 rf 0.0658 acc 68.2% | 14 it/s
[eval] step 34000 val_loss 1.0096 val_acc 69.1%
step  34100 | lr 2.81e-04 | loss 0.9383 pol 0.9249 rf 0.0671 acc 68.1% | 14 it/s
step  34200 | lr 2.81e-04 | loss 0.9129 pol 0.9023 rf 0.0531 acc 70.1% | 14 it/s
step  34300 | lr 2.81e-04 | loss 0.8878 pol 0.8788 rf 0.0448 acc 71.4% | 14 it/s
step  34400 | lr 2.81e-04 | loss 0.9205 pol 0.9113 rf 0.0462 acc 69.4% | 14 it/s
step  34500 | lr 2.80e-04 | loss 0.9149 pol 0.9059 rf 0.0447 acc 68.6% | 14 it/s
step  34600 | lr 2.80e-04 | loss 0.8923 pol 0.8839 rf 0.0423 acc 70.5% | 14 it/s
step  34700 | lr 2.80e-04 | loss 0.8604 pol 0.8522 rf 0.0408 acc 72.0% | 14 it/s
step  34800 | lr 2.80e-04 | loss 0.9275 pol 0.9153 rf 0.0611 acc 69.1% | 14 it/s
step  34900 | lr 2.80e-04 | loss 0.9373 pol 0.9238 rf 0.0673 acc 68.3% | 14 it/s
step  35000 | lr 2.80e-04 | loss 0.9235 pol 0.9107 rf 0.0638 acc 69.4% | 14 it/s
step  35100 | lr 2.80e-04 | loss 0.9040 pol 0.8930 rf 0.0551 acc 69.7% | 14 it/s
step  35200 | lr 2.80e-04 | loss 0.9298 pol 0.9204 rf 0.0467 acc 68.6% | 14 it/s
step  35300 | lr 2.80e-04 | loss 0.9326 pol 0.9232 rf 0.0468 acc 68.2% | 14 it/s
step  35400 | lr 2.79e-04 | loss 0.9271 pol 0.9160 rf 0.0551 acc 69.0% | 14 it/s
step  35500 | lr 2.79e-04 | loss 0.9271 pol 0.9157 rf 0.0571 acc 68.8% | 14 it/s
step  35600 | lr 2.79e-04 | loss 0.9486 pol 0.9349 rf 0.0684 acc 67.8% | 14 it/s
step  35700 | lr 2.79e-04 | loss 0.9470 pol 0.9333 rf 0.0682 acc 67.7% | 14 it/s
step  35800 | lr 2.79e-04 | loss 0.9720 pol 0.9591 rf 0.0644 acc 68.1% | 14 it/s
step  35900 | lr 2.79e-04 | loss 0.9584 pol 0.9456 rf 0.0636 acc 67.9% | 14 it/s
step  36000 | lr 2.79e-04 | loss 0.9236 pol 0.9148 rf 0.0438 acc 68.7% | 14 it/s
[eval] step 36000 val_loss 0.9935 val_acc 69.5%
step  36100 | lr 2.79e-04 | loss 0.9162 pol 0.9076 rf 0.0431 acc 69.1% | 14 it/s
step  36200 | lr 2.78e-04 | loss 0.9112 pol 0.8974 rf 0.0689 acc 69.9% | 14 it/s
step  36300 | lr 2.78e-04 | loss 0.9159 pol 0.9020 rf 0.0694 acc 69.9% | 14 it/s
step  36400 | lr 2.78e-04 | loss 0.9327 pol 0.9202 rf 0.0627 acc 69.0% | 14 it/s
step  36500 | lr 2.78e-04 | loss 0.9408 pol 0.9281 rf 0.0639 acc 68.7% | 14 it/s
step  36600 | lr 2.78e-04 | loss 0.9514 pol 0.9375 rf 0.0698 acc 67.5% | 14 it/s
step  36700 | lr 2.78e-04 | loss 0.9655 pol 0.9510 rf 0.0726 acc 67.7% | 14 it/s
step  36800 | lr 2.78e-04 | loss 0.9111 pol 0.8970 rf 0.0705 acc 70.1% | 14 it/s
step  36900 | lr 2.78e-04 | loss 0.9112 pol 0.8961 rf 0.0754 acc 70.3% | 14 it/s
step  37000 | lr 2.77e-04 | loss 0.9038 pol 0.8903 rf 0.0674 acc 70.2% | 14 it/s
step  37100 | lr 2.77e-04 | loss 0.9149 pol 0.9023 rf 0.0631 acc 69.8% | 14 it/s
step  37200 | lr 2.77e-04 | loss 0.9140 pol 0.9051 rf 0.0446 acc 68.7% | 14 it/s
step  37300 | lr 2.77e-04 | loss 0.9182 pol 0.9073 rf 0.0548 acc 69.2% | 14 it/s
step  37400 | lr 2.77e-04 | loss 0.9171 pol 0.9038 rf 0.0667 acc 69.7% | 14 it/s
step  37500 | lr 2.77e-04 | loss 0.8995 pol 0.8884 rf 0.0552 acc 70.6% | 14 it/s
step  37600 | lr 2.77e-04 | loss 0.9085 pol 0.8976 rf 0.0546 acc 69.9% | 14 it/s
step  37700 | lr 2.77e-04 | loss 0.9346 pol 0.9218 rf 0.0642 acc 68.5% | 14 it/s
step  37800 | lr 2.76e-04 | loss 0.9178 pol 0.9042 rf 0.0680 acc 69.3% | 14 it/s
step  37900 | lr 2.76e-04 | loss 0.9072 pol 0.8935 rf 0.0684 acc 70.0% | 14 it/s
step  38000 | lr 2.76e-04 | loss 0.9260 pol 0.9138 rf 0.0611 acc 69.0% | 14 it/s
[eval] step 38000 val_loss 0.9675 val_acc 69.5%
step  38100 | lr 2.76e-04 | loss 0.9309 pol 0.9194 rf 0.0574 acc 68.3% | 14 it/s
step  38200 | lr 2.76e-04 | loss 0.9235 pol 0.9106 rf 0.0645 acc 69.3% | 14 it/s
step  38300 | lr 2.76e-04 | loss 0.9131 pol 0.8995 rf 0.0682 acc 69.7% | 14 it/s
step  38400 | lr 2.76e-04 | loss 0.9384 pol 0.9247 rf 0.0683 acc 68.1% | 14 it/s
step  38500 | lr 2.76e-04 | loss 0.9392 pol 0.9258 rf 0.0673 acc 67.9% | 14 it/s
step  38600 | lr 2.75e-04 | loss 0.9400 pol 0.9260 rf 0.0701 acc 69.0% | 14 it/s
step  38700 | lr 2.75e-04 | loss 0.9150 pol 0.9013 rf 0.0683 acc 69.9% | 14 it/s
step  38800 | lr 2.75e-04 | loss 0.8903 pol 0.8805 rf 0.0491 acc 71.1% | 14 it/s
step  38900 | lr 2.75e-04 | loss 0.8786 pol 0.8699 rf 0.0435 acc 71.4% | 14 it/s
step  39000 | lr 2.75e-04 | loss 0.8866 pol 0.8775 rf 0.0454 acc 71.5% | 14 it/s
step  39100 | lr 2.75e-04 | loss 0.8922 pol 0.8830 rf 0.0460 acc 71.2% | 14 it/s
step  39200 | lr 2.75e-04 | loss 0.8983 pol 0.8880 rf 0.0514 acc 70.9% | 14 it/s
step  39300 | lr 2.74e-04 | loss 0.8977 pol 0.8875 rf 0.0507 acc 70.9% | 14 it/s
step  39400 | lr 2.74e-04 | loss 0.9276 pol 0.9151 rf 0.0623 acc 68.8% | 14 it/s
step  39500 | lr 2.74e-04 | loss 0.9253 pol 0.9120 rf 0.0669 acc 68.7% | 14 it/s
step  39600 | lr 2.74e-04 | loss 0.9728 pol 0.9607 rf 0.0604 acc 67.9% | 14 it/s
step  39700 | lr 2.74e-04 | loss 0.9552 pol 0.9422 rf 0.0650 acc 68.4% | 14 it/s
step  39800 | lr 2.74e-04 | loss 0.9335 pol 0.9205 rf 0.0652 acc 68.6% | 14 it/s
step  39900 | lr 2.74e-04 | loss 0.9278 pol 0.9148 rf 0.0649 acc 68.8% | 14 it/s
step  40000 | lr 2.74e-04 | loss 0.9258 pol 0.9141 rf 0.0584 acc 69.2% | 14 it/s
[eval] step 40000 val_loss 0.9177 val_acc 70.0%
step  40100 | lr 2.73e-04 | loss 0.9240 pol 0.9119 rf 0.0604 acc 69.3% | 14 it/s
step  40200 | lr 2.73e-04 | loss 0.9199 pol 0.9076 rf 0.0614 acc 69.5% | 14 it/s
step  40300 | lr 2.73e-04 | loss 0.9293 pol 0.9162 rf 0.0658 acc 69.3% | 14 it/s
step  40400 | lr 2.73e-04 | loss 0.9365 pol 0.9236 rf 0.0647 acc 68.2% | 14 it/s
step  40500 | lr 2.73e-04 | loss 0.9367 pol 0.9239 rf 0.0638 acc 68.7% | 14 it/s
step  40600 | lr 2.73e-04 | loss 0.9442 pol 0.9323 rf 0.0598 acc 69.0% | 14 it/s
step  40700 | lr 2.73e-04 | loss 0.9361 pol 0.9247 rf 0.0573 acc 69.3% | 14 it/s
step  40800 | lr 2.72e-04 | loss 0.9091 pol 0.8985 rf 0.0529 acc 70.6% | 14 it/s
step  40900 | lr 2.72e-04 | loss 0.9017 pol 0.8909 rf 0.0536 acc 70.7% | 14 it/s
step  41000 | lr 2.72e-04 | loss 0.8782 pol 0.8699 rf 0.0414 acc 71.4% | 14 it/s
step  41100 | lr 2.72e-04 | loss 0.8977 pol 0.8876 rf 0.0503 acc 70.8% | 14 it/s
step  41200 | lr 2.72e-04 | loss 0.9007 pol 0.8868 rf 0.0697 acc 70.4% | 14 it/s
step  41300 | lr 2.72e-04 | loss 0.9197 pol 0.9058 rf 0.0692 acc 69.1% | 14 it/s
step  41400 | lr 2.72e-04 | loss 0.9467 pol 0.9333 rf 0.0674 acc 67.7% | 14 it/s
step  41500 | lr 2.71e-04 | loss 0.9412 pol 0.9273 rf 0.0693 acc 67.9% | 14 it/s
step  41600 | lr 2.71e-04 | loss 0.9270 pol 0.9135 rf 0.0674 acc 68.6% | 14 it/s
step  41700 | lr 2.71e-04 | loss 0.9137 pol 0.9020 rf 0.0583 acc 70.0% | 14 it/s
step  41800 | lr 2.71e-04 | loss 0.9188 pol 0.9082 rf 0.0532 acc 69.1% | 14 it/s
step  41900 | lr 2.71e-04 | loss 0.9286 pol 0.9171 rf 0.0577 acc 68.5% | 14 it/s
step  42000 | lr 2.71e-04 | loss 0.9468 pol 0.9330 rf 0.0691 acc 68.3% | 14 it/s
[eval] step 42000 val_loss 0.9472 val_acc 69.9%
step  42100 | lr 2.71e-04 | loss 0.9450 pol 0.9308 rf 0.0709 acc 68.5% | 14 it/s
step  42200 | lr 2.71e-04 | loss 0.9389 pol 0.9254 rf 0.0677 acc 68.1% | 14 it/s
step  42300 | lr 2.70e-04 | loss 0.9319 pol 0.9186 rf 0.0669 acc 68.3% | 14 it/s
step  42400 | lr 2.70e-04 | loss 0.8999 pol 0.8908 rf 0.0456 acc 70.6% | 14 it/s
step  42500 | lr 2.70e-04 | loss 0.8804 pol 0.8723 rf 0.0404 acc 70.9% | 14 it/s
step  42600 | lr 2.70e-04 | loss 0.9591 pol 0.9450 rf 0.0706 acc 67.4% | 14 it/s
step  42700 | lr 2.70e-04 | loss 0.9426 pol 0.9293 rf 0.0668 acc 67.9% | 14 it/s
step  42800 | lr 2.70e-04 | loss 0.9192 pol 0.9079 rf 0.0566 acc 69.3% | 14 it/s
step  42900 | lr 2.70e-04 | loss 0.9119 pol 0.9013 rf 0.0528 acc 69.5% | 14 it/s
step  43000 | lr 2.69e-04 | loss 0.9336 pol 0.9247 rf 0.0445 acc 68.7% | 14 it/s
step  43100 | lr 2.69e-04 | loss 0.9293 pol 0.9200 rf 0.0466 acc 68.7% | 14 it/s
step  43200 | lr 2.69e-04 | loss 0.9501 pol 0.9384 rf 0.0583 acc 68.5% | 14 it/s
step  43300 | lr 2.69e-04 | loss 0.9528 pol 0.9404 rf 0.0618 acc 68.4% | 14 it/s
step  43400 | lr 2.69e-04 | loss 0.9307 pol 0.9181 rf 0.0630 acc 69.1% | 14 it/s
step  43500 | lr 2.69e-04 | loss 0.9303 pol 0.9181 rf 0.0610 acc 69.1% | 14 it/s
step  43600 | lr 2.68e-04 | loss 0.9266 pol 0.9140 rf 0.0629 acc 68.6% | 14 it/s
step  43700 | lr 2.68e-04 | loss 0.9255 pol 0.9135 rf 0.0600 acc 69.1% | 14 it/s
step  43800 | lr 2.68e-04 | loss 0.8766 pol 0.8681 rf 0.0422 acc 71.3% | 14 it/s
step  43900 | lr 2.68e-04 | loss 0.8937 pol 0.8850 rf 0.0431 acc 70.6% | 14 it/s
step  44000 | lr 2.68e-04 | loss 0.9306 pol 0.9197 rf 0.0544 acc 69.1% | 14 it/s
[eval] step 44000 val_loss 0.9409 val_acc 70.1%
step  44100 | lr 2.68e-04 | loss 0.9395 pol 0.9281 rf 0.0569 acc 68.9% | 14 it/s
step  44200 | lr 2.68e-04 | loss 0.9468 pol 0.9353 rf 0.0576 acc 68.7% | 14 it/s
step  44300 | lr 2.67e-04 | loss 0.9463 pol 0.9335 rf 0.0638 acc 68.7% | 14 it/s
step  44400 | lr 2.67e-04 | loss 0.9364 pol 0.9230 rf 0.0670 acc 68.2% | 14 it/s
step  44500 | lr 2.67e-04 | loss 0.9334 pol 0.9198 rf 0.0680 acc 68.4% | 14 it/s
step  44600 | lr 2.67e-04 | loss 0.9291 pol 0.9155 rf 0.0679 acc 68.7% | 14 it/s
step  44700 | lr 2.67e-04 | loss 0.9322 pol 0.9187 rf 0.0676 acc 68.3% | 14 it/s
step  44800 | lr 2.67e-04 | loss 0.9323 pol 0.9193 rf 0.0651 acc 68.3% | 14 it/s
step  44900 | lr 2.67e-04 | loss 0.9323 pol 0.9202 rf 0.0604 acc 68.7% | 14 it/s
step  45000 | lr 2.66e-04 | loss 0.9090 pol 0.8979 rf 0.0555 acc 69.3% | 14 it/s
step  45100 | lr 2.66e-04 | loss 0.9186 pol 0.9091 rf 0.0474 acc 69.1% | 14 it/s
step  45200 | lr 2.66e-04 | loss 0.9138 pol 0.9052 rf 0.0432 acc 68.8% | 14 it/s
step  45300 | lr 2.66e-04 | loss 0.9061 pol 0.8963 rf 0.0489 acc 70.2% | 14 it/s
step  45400 | lr 2.66e-04 | loss 0.8972 pol 0.8870 rf 0.0513 acc 71.0% | 14 it/s
step  45500 | lr 2.66e-04 | loss 0.9323 pol 0.9194 rf 0.0647 acc 69.2% | 14 it/s
step  45600 | lr 2.66e-04 | loss 0.9477 pol 0.9339 rf 0.0688 acc 68.4% | 14 it/s
step  45700 | lr 2.65e-04 | loss 0.9485 pol 0.9364 rf 0.0608 acc 68.7% | 14 it/s
step  45800 | lr 2.65e-04 | loss 0.9370 pol 0.9261 rf 0.0546 acc 68.9% | 14 it/s
step  45900 | lr 2.65e-04 | loss 0.9448 pol 0.9317 rf 0.0654 acc 68.2% | 14 it/s
step  46000 | lr 2.65e-04 | loss 0.9459 pol 0.9318 rf 0.0705 acc 67.7% | 14 it/s
[eval] step 46000 val_loss 1.0454 val_acc 69.3%
step  46100 | lr 2.65e-04 | loss 0.9111 pol 0.8980 rf 0.0658 acc 69.7% | 14 it/s
step  46200 | lr 2.65e-04 | loss 0.9060 pol 0.8924 rf 0.0682 acc 70.0% | 14 it/s
step  46300 | lr 2.64e-04 | loss 0.9308 pol 0.9178 rf 0.0653 acc 69.6% | 14 it/s
step  46400 | lr 2.64e-04 | loss 0.9250 pol 0.9122 rf 0.0640 acc 69.3% | 14 it/s
step  46500 | lr 2.64e-04 | loss 0.9527 pol 0.9390 rf 0.0684 acc 67.8% | 14 it/s
step  46600 | lr 2.64e-04 | loss 0.9461 pol 0.9322 rf 0.0695 acc 67.7% | 14 it/s
step  46700 | lr 2.64e-04 | loss 0.9256 pol 0.9117 rf 0.0695 acc 69.8% | 14 it/s
step  46800 | lr 2.64e-04 | loss 0.9034 pol 0.8905 rf 0.0646 acc 70.3% | 14 it/s
step  46900 | lr 2.64e-04 | loss 0.9240 pol 0.9119 rf 0.0601 acc 70.1% | 14 it/s
step  47000 | lr 2.63e-04 | loss 0.9112 pol 0.8994 rf 0.0587 acc 70.4% | 14 it/s
step  47100 | lr 2.63e-04 | loss 0.9321 pol 0.9188 rf 0.0667 acc 68.6% | 14 it/s
step  47200 | lr 2.63e-04 | loss 0.9232 pol 0.9097 rf 0.0675 acc 68.8% | 14 it/s
step  47300 | lr 2.63e-04 | loss 0.9074 pol 0.8938 rf 0.0681 acc 69.9% | 14 it/s
step  47400 | lr 2.63e-04 | loss 0.9158 pol 0.9027 rf 0.0654 acc 69.5% | 14 it/s
step  47500 | lr 2.63e-04 | loss 0.9359 pol 0.9244 rf 0.0574 acc 68.7% | 14 it/s
step  47600 | lr 2.62e-04 | loss 0.9369 pol 0.9250 rf 0.0592 acc 68.8% | 14 it/s
step  47700 | lr 2.62e-04 | loss 0.9458 pol 0.9316 rf 0.0706 acc 68.5% | 14 it/s
step  47800 | lr 2.62e-04 | loss 0.9481 pol 0.9349 rf 0.0661 acc 68.3% | 14 it/s
step  47900 | lr 2.62e-04 | loss 0.9254 pol 0.9163 rf 0.0453 acc 68.4% | 14 it/s
step  48000 | lr 2.62e-04 | loss 0.9282 pol 0.9179 rf 0.0513 acc 68.6% | 14 it/s
[eval] step 48000 val_loss 0.9236 val_acc 70.0%
step  48100 | lr 2.62e-04 | loss 0.9242 pol 0.9116 rf 0.0628 acc 69.4% | 14 it/s
step  48200 | lr 2.61e-04 | loss 0.9144 pol 0.9018 rf 0.0627 acc 69.9% | 14 it/s
step  48300 | lr 2.61e-04 | loss 0.8999 pol 0.8870 rf 0.0644 acc 70.1% | 14 it/s
step  48400 | lr 2.61e-04 | loss 0.9023 pol 0.8894 rf 0.0646 acc 69.9% | 14 it/s
step  48500 | lr 2.61e-04 | loss 0.9043 pol 0.8908 rf 0.0673 acc 69.9% | 14 it/s
step  48600 | lr 2.61e-04 | loss 0.9204 pol 0.9072 rf 0.0661 acc 69.5% | 14 it/s
step  48700 | lr 2.61e-04 | loss 0.9297 pol 0.9171 rf 0.0627 acc 68.9% | 14 it/s
step  48800 | lr 2.61e-04 | loss 0.9314 pol 0.9190 rf 0.0616 acc 68.6% | 14 it/s
step  48900 | lr 2.60e-04 | loss 0.9326 pol 0.9194 rf 0.0662 acc 68.4% | 14 it/s
step  49000 | lr 2.60e-04 | loss 0.9281 pol 0.9155 rf 0.0630 acc 68.4% | 14 it/s
step  49100 | lr 2.60e-04 | loss 0.9342 pol 0.9205 rf 0.0683 acc 68.3% | 14 it/s
step  49200 | lr 2.60e-04 | loss 0.9294 pol 0.9166 rf 0.0639 acc 69.0% | 14 it/s
step  49300 | lr 2.60e-04 | loss 0.9043 pol 0.8931 rf 0.0560 acc 69.9% | 14 it/s
step  49400 | lr 2.60e-04 | loss 0.8989 pol 0.8881 rf 0.0542 acc 70.7% | 14 it/s
step  49500 | lr 2.59e-04 | loss 0.8995 pol 0.8887 rf 0.0536 acc 71.0% | 14 it/s
step  49600 | lr 2.59e-04 | loss 0.9363 pol 0.9246 rf 0.0586 acc 69.3% | 14 it/s
step  49700 | lr 2.59e-04 | loss 0.9430 pol 0.9319 rf 0.0556 acc 68.4% | 14 it/s
step  49800 | lr 2.59e-04 | loss 0.9239 pol 0.9128 rf 0.0554 acc 69.1% | 14 it/s
step  49900 | lr 2.59e-04 | loss 0.9107 pol 0.9003 rf 0.0523 acc 69.3% | 14 it/s
step  50000 | lr 2.59e-04 | loss 0.9042 pol 0.8913 rf 0.0646 acc 70.1% | 14 it/s
[eval] step 50000 val_loss 0.9089 val_acc 70.2%
  -> saved best (0.9089)
step  50100 | lr 2.58e-04 | loss 0.8891 pol 0.8763 rf 0.0636 acc 70.6% | 14 it/s
step  50200 | lr 2.58e-04 | loss 0.9123 pol 0.8989 rf 0.0672 acc 69.9% | 14 it/s
step  50300 | lr 2.58e-04 | loss 0.9083 pol 0.8950 rf 0.0662 acc 70.1% | 14 it/s
step  50400 | lr 2.58e-04 | loss 0.9552 pol 0.9429 rf 0.0616 acc 68.3% | 14 it/s
step  50500 | lr 2.58e-04 | loss 0.9518 pol 0.9392 rf 0.0631 acc 68.3% | 14 it/s
step  50600 | lr 2.58e-04 | loss 0.9286 pol 0.9166 rf 0.0602 acc 69.1% | 14 it/s
step  50700 | lr 2.57e-04 | loss 0.9225 pol 0.9102 rf 0.0615 acc 69.4% | 14 it/s
step  50800 | lr 2.57e-04 | loss 0.9433 pol 0.9298 rf 0.0673 acc 68.1% | 14 it/s
step  50900 | lr 2.57e-04 | loss 0.9318 pol 0.9184 rf 0.0670 acc 68.4% | 14 it/s
step  51000 | lr 2.57e-04 | loss 0.9509 pol 0.9396 rf 0.0568 acc 68.6% | 14 it/s
step  51100 | lr 2.57e-04 | loss 0.9379 pol 0.9257 rf 0.0610 acc 68.9% | 14 it/s
step  51200 | lr 2.57e-04 | loss 0.9160 pol 0.9024 rf 0.0680 acc 70.2% | 14 it/s
step  51300 | lr 2.56e-04 | loss 0.9069 pol 0.8933 rf 0.0682 acc 70.2% | 14 it/s
step  51400 | lr 2.56e-04 | loss 0.8974 pol 0.8846 rf 0.0639 acc 70.3% | 14 it/s
step  51500 | lr 2.56e-04 | loss 0.9184 pol 0.9037 rf 0.0735 acc 69.8% | 14 it/s
step  51600 | lr 2.56e-04 | loss 0.9534 pol 0.9392 rf 0.0710 acc 67.5% | 14 it/s
step  51700 | lr 2.56e-04 | loss 0.9396 pol 0.9259 rf 0.0687 acc 68.1% | 14 it/s
step  51800 | lr 2.56e-04 | loss 0.9246 pol 0.9116 rf 0.0649 acc 68.6% | 14 it/s
step  51900 | lr 2.55e-04 | loss 0.9274 pol 0.9145 rf 0.0645 acc 68.7% | 14 it/s
step  52000 | lr 2.55e-04 | loss 0.9337 pol 0.9209 rf 0.0640 acc 68.3% | 14 it/s
[eval] step 52000 val_loss 1.0616 val_acc 69.2%
step  52100 | lr 2.55e-04 | loss 0.9258 pol 0.9139 rf 0.0593 acc 69.1% | 14 it/s
step  52200 | lr 2.55e-04 | loss 0.8856 pol 0.8762 rf 0.0468 acc 71.0% | 14 it/s
step  52300 | lr 2.55e-04 | loss 0.9334 pol 0.9220 rf 0.0574 acc 68.7% | 14 it/s
step  52400 | lr 2.55e-04 | loss 0.9262 pol 0.9145 rf 0.0586 acc 68.7% | 14 it/s
step  52500 | lr 2.54e-04 | loss 0.9175 pol 0.9056 rf 0.0598 acc 70.3% | 14 it/s
step  52600 | lr 2.54e-04 | loss 0.9117 pol 0.9000 rf 0.0581 acc 70.3% | 14 it/s
step  52700 | lr 2.54e-04 | loss 0.9446 pol 0.9308 rf 0.0688 acc 67.8% | 14 it/s
step  52800 | lr 2.54e-04 | loss 0.9450 pol 0.9316 rf 0.0672 acc 67.6% | 14 it/s
step  52900 | lr 2.54e-04 | loss 0.9482 pol 0.9347 rf 0.0676 acc 67.4% | 14 it/s
step  53000 | lr 2.54e-04 | loss 0.9420 pol 0.9286 rf 0.0673 acc 68.2% | 14 it/s
step  53100 | lr 2.53e-04 | loss 0.9175 pol 0.9058 rf 0.0583 acc 69.4% | 14 it/s
step  53200 | lr 2.53e-04 | loss 0.9256 pol 0.9137 rf 0.0594 acc 69.0% | 14 it/s
step  53300 | lr 2.53e-04 | loss 0.9474 pol 0.9335 rf 0.0692 acc 67.7% | 14 it/s
step  53400 | lr 2.53e-04 | loss 0.9446 pol 0.9317 rf 0.0643 acc 68.0% | 14 it/s
step  53500 | lr 2.53e-04 | loss 0.9256 pol 0.9164 rf 0.0462 acc 68.5% | 14 it/s
step  53600 | lr 2.52e-04 | loss 0.9420 pol 0.9318 rf 0.0510 acc 68.2% | 14 it/s
step  53700 | lr 2.52e-04 | loss 0.9227 pol 0.9103 rf 0.0618 acc 69.5% | 14 it/s
step  53800 | lr 2.52e-04 | loss 0.9135 pol 0.9024 rf 0.0554 acc 70.0% | 14 it/s
step  53900 | lr 2.52e-04 | loss 0.8781 pol 0.8697 rf 0.0424 acc 71.5% | 14 it/s
step  54000 | lr 2.52e-04 | loss 0.8906 pol 0.8818 rf 0.0442 acc 70.6% | 14 it/s
[eval] step 54000 val_loss 0.9123 val_acc 70.2%
step  54100 | lr 2.52e-04 | loss 0.9016 pol 0.8914 rf 0.0514 acc 69.8% | 14 it/s
step  54200 | lr 2.51e-04 | loss 0.9183 pol 0.9070 rf 0.0567 acc 69.3% | 14 it/s
step  54300 | lr 2.51e-04 | loss 0.9225 pol 0.9098 rf 0.0636 acc 69.4% | 14 it/s
step  54400 | lr 2.51e-04 | loss 0.9090 pol 0.8958 rf 0.0662 acc 70.1% | 14 it/s
step  54500 | lr 2.51e-04 | loss 0.8896 pol 0.8764 rf 0.0657 acc 70.7% | 14 it/s
step  54600 | lr 2.51e-04 | loss 0.9305 pol 0.9175 rf 0.0652 acc 69.5% | 14 it/s
step  54700 | lr 2.51e-04 | loss 0.9519 pol 0.9396 rf 0.0619 acc 68.7% | 14 it/s
step  54800 | lr 2.50e-04 | loss 0.9268 pol 0.9159 rf 0.0546 acc 69.1% | 14 it/s
step  54900 | lr 2.50e-04 | loss 0.9027 pol 0.8918 rf 0.0545 acc 69.6% | 14 it/s
step  55000 | lr 2.50e-04 | loss 0.8884 pol 0.8789 rf 0.0476 acc 70.6% | 14 it/s
step  55100 | lr 2.50e-04 | loss 0.8818 pol 0.8728 rf 0.0450 acc 71.3% | 14 it/s
step  55200 | lr 2.50e-04 | loss 0.9123 pol 0.9007 rf 0.0582 acc 69.7% | 14 it/s
step  55300 | lr 2.49e-04 | loss 0.9279 pol 0.9138 rf 0.0704 acc 68.8% | 14 it/s
step  55400 | lr 2.49e-04 | loss 0.9337 pol 0.9216 rf 0.0606 acc 68.9% | 14 it/s
step  55500 | lr 2.49e-04 | loss 0.9321 pol 0.9206 rf 0.0571 acc 68.8% | 14 it/s
step  55600 | lr 2.49e-04 | loss 0.9418 pol 0.9295 rf 0.0615 acc 69.0% | 14 it/s
step  55700 | lr 2.49e-04 | loss 0.9462 pol 0.9334 rf 0.0641 acc 69.0% | 14 it/s
step  55800 | lr 2.49e-04 | loss 0.9470 pol 0.9329 rf 0.0707 acc 68.7% | 14 it/s
step  55900 | lr 2.48e-04 | loss 0.9482 pol 0.9344 rf 0.0691 acc 68.6% | 14 it/s
step  56000 | lr 2.48e-04 | loss 0.9346 pol 0.9219 rf 0.0634 acc 68.8% | 14 it/s
[eval] step 56000 val_loss 0.9225 val_acc 70.1%
step  56100 | lr 2.48e-04 | loss 0.9270 pol 0.9146 rf 0.0623 acc 69.2% | 14 it/s
step  56200 | lr 2.48e-04 | loss 0.9418 pol 0.9281 rf 0.0685 acc 68.9% | 14 it/s
step  56300 | lr 2.48e-04 | loss 0.9404 pol 0.9271 rf 0.0665 acc 68.8% | 14 it/s
step  56400 | lr 2.48e-04 | loss 0.9216 pol 0.9093 rf 0.0613 acc 68.7% | 14 it/s
step  56500 | lr 2.47e-04 | loss 0.9183 pol 0.9058 rf 0.0625 acc 69.0% | 14 it/s
step  56600 | lr 2.47e-04 | loss 0.9145 pol 0.9023 rf 0.0610 acc 70.0% | 14 it/s
step  56700 | lr 2.47e-04 | loss 0.8994 pol 0.8881 rf 0.0567 acc 70.1% | 14 it/s
step  56800 | lr 2.47e-04 | loss 0.8740 pol 0.8658 rf 0.0413 acc 71.3% | 14 it/s
step  56900 | lr 2.47e-04 | loss 0.8774 pol 0.8689 rf 0.0424 acc 71.3% | 14 it/s
step  57000 | lr 2.46e-04 | loss 0.9248 pol 0.9128 rf 0.0599 acc 69.1% | 14 it/s
step  57100 | lr 2.46e-04 | loss 0.9266 pol 0.9150 rf 0.0581 acc 69.0% | 14 it/s
step  57200 | lr 2.46e-04 | loss 0.9416 pol 0.9273 rf 0.0715 acc 68.2% | 14 it/s
step  57300 | lr 2.46e-04 | loss 0.9359 pol 0.9233 rf 0.0627 acc 68.4% | 14 it/s
step  57400 | lr 2.46e-04 | loss 0.9146 pol 0.9059 rf 0.0436 acc 68.8% | 14 it/s
step  57500 | lr 2.46e-04 | loss 0.9187 pol 0.9089 rf 0.0488 acc 68.8% | 14 it/s
step  57600 | lr 2.45e-04 | loss 0.9218 pol 0.9094 rf 0.0621 acc 68.8% | 14 it/s
step  57700 | lr 2.45e-04 | loss 0.9235 pol 0.9121 rf 0.0567 acc 68.8% | 14 it/s
step  57800 | lr 2.45e-04 | loss 0.9140 pol 0.9051 rf 0.0445 acc 68.8% | 14 it/s
step  57900 | lr 2.45e-04 | loss 0.9224 pol 0.9121 rf 0.0511 acc 68.9% | 14 it/s
step  58000 | lr 2.45e-04 | loss 0.9071 pol 0.8940 rf 0.0654 acc 70.2% | 14 it/s
[eval] step 58000 val_loss 0.9071 val_acc 70.2%
  -> saved best (0.9071)
step  58100 | lr 2.44e-04 | loss 0.9176 pol 0.9049 rf 0.0634 acc 69.5% | 14 it/s
step  58200 | lr 2.44e-04 | loss 0.9162 pol 0.9045 rf 0.0585 acc 69.4% | 14 it/s
step  58300 | lr 2.44e-04 | loss 0.9153 pol 0.9034 rf 0.0598 acc 69.6% | 14 it/s
step  58400 | lr 2.44e-04 | loss 0.9122 pol 0.8991 rf 0.0655 acc 69.8% | 14 it/s
step  58500 | lr 2.44e-04 | loss 0.9222 pol 0.9093 rf 0.0645 acc 69.3% | 14 it/s
step  58600 | lr 2.43e-04 | loss 0.9254 pol 0.9124 rf 0.0651 acc 68.5% | 14 it/s
step  58700 | lr 2.43e-04 | loss 0.9347 pol 0.9213 rf 0.0668 acc 68.2% | 14 it/s
step  58800 | lr 2.43e-04 | loss 0.9470 pol 0.9334 rf 0.0681 acc 67.7% | 14 it/s
step  58900 | lr 2.43e-04 | loss 0.9291 pol 0.9163 rf 0.0640 acc 68.4% | 14 it/s
step  59000 | lr 2.43e-04 | loss 0.9303 pol 0.9167 rf 0.0678 acc 68.5% | 14 it/s
step  59100 | lr 2.43e-04 | loss 0.9135 pol 0.9005 rf 0.0652 acc 69.4% | 14 it/s
step  59200 | lr 2.42e-04 | loss 0.9042 pol 0.8904 rf 0.0692 acc 70.0% | 14 it/s
step  59300 | lr 2.42e-04 | loss 0.8925 pol 0.8824 rf 0.0501 acc 70.9% | 14 it/s
step  59400 | lr 2.42e-04 | loss 0.9144 pol 0.9034 rf 0.0552 acc 69.7% | 14 it/s
step  59500 | lr 2.42e-04 | loss 0.9270 pol 0.9146 rf 0.0620 acc 68.9% | 14 it/s
step  59600 | lr 2.42e-04 | loss 0.9166 pol 0.9036 rf 0.0652 acc 69.5% | 14 it/s
step  59700 | lr 2.41e-04 | loss 0.9092 pol 0.8954 rf 0.0691 acc 70.0% | 14 it/s
step  59800 | lr 2.41e-04 | loss 0.9404 pol 0.9265 rf 0.0697 acc 68.7% | 14 it/s
step  59900 | lr 2.41e-04 | loss 0.9448 pol 0.9310 rf 0.0687 acc 68.5% | 14 it/s
step  60000 | lr 2.41e-04 | loss 0.9520 pol 0.9396 rf 0.0618 acc 68.4% | 14 it/s
[eval] step 60000 val_loss 0.9370 val_acc 70.2%
step  60100 | lr 2.41e-04 | loss 0.9523 pol 0.9401 rf 0.0609 acc 68.2% | 14 it/s
step  60200 | lr 2.40e-04 | loss 0.9205 pol 0.9107 rf 0.0489 acc 69.0% | 14 it/s
step  60300 | lr 2.40e-04 | loss 0.9190 pol 0.9099 rf 0.0458 acc 68.7% | 14 it/s
step  60400 | lr 2.40e-04 | loss 0.9203 pol 0.9093 rf 0.0547 acc 69.3% | 14 it/s
step  60500 | lr 2.40e-04 | loss 0.9122 pol 0.9009 rf 0.0562 acc 69.3% | 14 it/s
step  60600 | lr 2.40e-04 | loss 0.9389 pol 0.9274 rf 0.0575 acc 69.0% | 14 it/s
step  60700 | lr 2.40e-04 | loss 0.9298 pol 0.9185 rf 0.0563 acc 69.3% | 14 it/s
step  60800 | lr 2.39e-04 | loss 0.8694 pol 0.8613 rf 0.0401 acc 71.7% | 14 it/s
step  60900 | lr 2.39e-04 | loss 0.8720 pol 0.8640 rf 0.0402 acc 71.5% | 14 it/s
step  61000 | lr 2.39e-04 | loss 0.9217 pol 0.9131 rf 0.0431 acc 68.8% | 14 it/s
step  61100 | lr 2.39e-04 | loss 0.9154 pol 0.9063 rf 0.0455 acc 69.2% | 14 it/s
step  61200 | lr 2.39e-04 | loss 0.8999 pol 0.8891 rf 0.0541 acc 70.1% | 14 it/s
step  61300 | lr 2.38e-04 | loss 0.9099 pol 0.8985 rf 0.0567 acc 69.8% | 14 it/s
step  61400 | lr 2.38e-04 | loss 0.9492 pol 0.9354 rf 0.0694 acc 67.7% | 14 it/s
step  61500 | lr 2.38e-04 | loss 0.9424 pol 0.9286 rf 0.0690 acc 68.4% | 14 it/s
step  61600 | lr 2.38e-04 | loss 0.9201 pol 0.9077 rf 0.0620 acc 69.5% | 14 it/s
step  61700 | lr 2.38e-04 | loss 0.9204 pol 0.9083 rf 0.0604 acc 69.3% | 14 it/s
step  61800 | lr 2.37e-04 | loss 0.9221 pol 0.9100 rf 0.0605 acc 69.2% | 14 it/s
step  61900 | lr 2.37e-04 | loss 0.9212 pol 0.9091 rf 0.0604 acc 69.2% | 14 it/s
step  62000 | lr 2.37e-04 | loss 0.9151 pol 0.9023 rf 0.0637 acc 69.1% | 14 it/s
[eval] step 62000 val_loss 1.0403 val_acc 69.4%
step  62100 | lr 2.37e-04 | loss 0.9213 pol 0.9089 rf 0.0619 acc 69.2% | 14 it/s
step  62200 | lr 2.37e-04 | loss 0.9221 pol 0.9109 rf 0.0555 acc 68.9% | 14 it/s
step  62300 | lr 2.36e-04 | loss 0.9259 pol 0.9138 rf 0.0606 acc 69.1% | 14 it/s
step  62400 | lr 2.36e-04 | loss 0.8992 pol 0.8861 rf 0.0654 acc 70.3% | 14 it/s
step  62500 | lr 2.36e-04 | loss 0.9238 pol 0.9118 rf 0.0604 acc 69.6% | 14 it/s
step  62600 | lr 2.36e-04 | loss 0.9356 pol 0.9239 rf 0.0584 acc 68.9% | 14 it/s
step  62700 | lr 2.36e-04 | loss 0.9297 pol 0.9169 rf 0.0642 acc 69.2% | 14 it/s
step  62800 | lr 2.35e-04 | loss 0.9083 pol 0.8940 rf 0.0717 acc 69.8% | 14 it/s
step  62900 | lr 2.35e-04 | loss 0.9193 pol 0.9059 rf 0.0669 acc 69.2% | 14 it/s
step  63000 | lr 2.35e-04 | loss 0.9212 pol 0.9090 rf 0.0606 acc 68.5% | 14 it/s
step  63100 | lr 2.35e-04 | loss 0.8971 pol 0.8870 rf 0.0504 acc 70.6% | 14 it/s
step  63200 | lr 2.35e-04 | loss 0.8587 pol 0.8508 rf 0.0398 acc 71.9% | 14 it/s
step  63300 | lr 2.34e-04 | loss 0.8973 pol 0.8871 rf 0.0506 acc 70.1% | 14 it/s
step  63400 | lr 2.34e-04 | loss 0.9097 pol 0.8990 rf 0.0539 acc 69.3% | 14 it/s
step  63500 | lr 2.34e-04 | loss 0.9156 pol 0.9034 rf 0.0609 acc 69.4% | 14 it/s
step  63600 | lr 2.34e-04 | loss 0.9140 pol 0.9021 rf 0.0592 acc 69.5% | 14 it/s
step  63700 | lr 2.34e-04 | loss 0.9045 pol 0.8914 rf 0.0654 acc 70.2% | 14 it/s
step  63800 | lr 2.33e-04 | loss 0.9013 pol 0.8885 rf 0.0641 acc 70.2% | 14 it/s
step  63900 | lr 2.33e-04 | loss 0.9215 pol 0.9096 rf 0.0593 acc 70.1% | 14 it/s
step  64000 | lr 2.33e-04 | loss 0.9141 pol 0.9022 rf 0.0598 acc 70.4% | 14 it/s
[eval] step 64000 val_loss 0.9433 val_acc 70.1%
step  64100 | lr 2.33e-04 | loss 0.9011 pol 0.8878 rf 0.0664 acc 70.5% | 14 it/s
step  64200 | lr 2.33e-04 | loss 0.9018 pol 0.8891 rf 0.0634 acc 70.2% | 14 it/s
step  64300 | lr 2.32e-04 | loss 0.9444 pol 0.9302 rf 0.0710 acc 68.2% | 14 it/s
step  64400 | lr 2.32e-04 | loss 0.9358 pol 0.9220 rf 0.0688 acc 68.3% | 14 it/s
step  64500 | lr 2.32e-04 | loss 0.9517 pol 0.9398 rf 0.0597 acc 68.5% | 14 it/s
step  64600 | lr 2.32e-04 | loss 0.9404 pol 0.9292 rf 0.0558 acc 68.6% | 14 it/s
step  64700 | lr 2.32e-04 | loss 0.9086 pol 0.8943 rf 0.0717 acc 70.2% | 14 it/s
step  64800 | lr 2.31e-04 | loss 0.8964 pol 0.8830 rf 0.0668 acc 70.4% | 14 it/s
step  64900 | lr 2.31e-04 | loss 0.9141 pol 0.9030 rf 0.0558 acc 69.5% | 14 it/s
step  65000 | lr 2.31e-04 | loss 0.9089 pol 0.8979 rf 0.0546 acc 69.5% | 14 it/s
step  65100 | lr 2.31e-04 | loss 0.9101 pol 0.8967 rf 0.0668 acc 70.0% | 14 it/s
step  65200 | lr 2.31e-04 | loss 0.9044 pol 0.8907 rf 0.0686 acc 70.1% | 14 it/s
step  65300 | lr 2.30e-04 | loss 0.9336 pol 0.9200 rf 0.0683 acc 68.5% | 14 it/s
step  65400 | lr 2.30e-04 | loss 0.9254 pol 0.9114 rf 0.0703 acc 68.5% | 14 it/s
step  65500 | lr 2.30e-04 | loss 0.9193 pol 0.9064 rf 0.0645 acc 68.7% | 14 it/s
step  65600 | lr 2.30e-04 | loss 0.9202 pol 0.9076 rf 0.0632 acc 68.9% | 14 it/s
step  65700 | lr 2.30e-04 | loss 0.9216 pol 0.9090 rf 0.0630 acc 68.8% | 14 it/s
step  65800 | lr 2.29e-04 | loss 0.9337 pol 0.9204 rf 0.0668 acc 68.5% | 14 it/s
step  65900 | lr 2.29e-04 | loss 0.9287 pol 0.9156 rf 0.0655 acc 68.4% | 14 it/s
step  66000 | lr 2.29e-04 | loss 0.9332 pol 0.9205 rf 0.0635 acc 68.2% | 14 it/s
[eval] step 66000 val_loss 1.0675 val_acc 69.3%
step  66100 | lr 2.29e-04 | loss 0.9320 pol 0.9190 rf 0.0648 acc 68.2% | 14 it/s
step  66200 | lr 2.29e-04 | loss 0.9307 pol 0.9172 rf 0.0671 acc 68.4% | 14 it/s
step  66300 | lr 2.28e-04 | loss 0.9365 pol 0.9238 rf 0.0638 acc 67.9% | 14 it/s
step  66400 | lr 2.28e-04 | loss 0.9217 pol 0.9085 rf 0.0663 acc 68.9% | 14 it/s
step  66500 | lr 2.28e-04 | loss 0.9024 pol 0.8881 rf 0.0714 acc 70.2% | 14 it/s
step  66600 | lr 2.28e-04 | loss 0.9186 pol 0.9050 rf 0.0679 acc 69.3% | 14 it/s
step  66700 | lr 2.28e-04 | loss 0.9244 pol 0.9118 rf 0.0628 acc 68.6% | 14 it/s
step  66800 | lr 2.27e-04 | loss 0.9299 pol 0.9182 rf 0.0588 acc 68.8% | 14 it/s
step  66900 | lr 2.27e-04 | loss 0.9094 pol 0.8987 rf 0.0535 acc 69.4% | 14 it/s
step  67000 | lr 2.27e-04 | loss 0.9201 pol 0.9075 rf 0.0632 acc 69.5% | 14 it/s
step  67100 | lr 2.27e-04 | loss 0.9087 pol 0.8952 rf 0.0677 acc 70.0% | 14 it/s
step  67200 | lr 2.27e-04 | loss 0.9099 pol 0.8977 rf 0.0609 acc 70.5% | 14 it/s
step  67300 | lr 2.26e-04 | loss 0.8992 pol 0.8888 rf 0.0521 acc 71.0% | 14 it/s
step  67400 | lr 2.26e-04 | loss 0.9025 pol 0.8905 rf 0.0603 acc 70.4% | 14 it/s
step  67500 | lr 2.26e-04 | loss 0.9036 pol 0.8903 rf 0.0665 acc 70.1% | 14 it/s
step  67600 | lr 2.26e-04 | loss 0.9179 pol 0.9063 rf 0.0581 acc 69.8% | 14 it/s
step  67700 | lr 2.26e-04 | loss 0.8994 pol 0.8888 rf 0.0530 acc 69.8% | 14 it/s
step  67800 | lr 2.25e-04 | loss 0.9026 pol 0.8897 rf 0.0647 acc 70.3% | 14 it/s
step  67900 | lr 2.25e-04 | loss 0.8969 pol 0.8831 rf 0.0690 acc 70.3% | 14 it/s
step  68000 | lr 2.25e-04 | loss 0.8980 pol 0.8877 rf 0.0514 acc 70.6% | 14 it/s
[eval] step 68000 val_loss 0.9139 val_acc 70.2%
step  68100 | lr 2.25e-04 | loss 0.9238 pol 0.9114 rf 0.0623 acc 69.4% | 14 it/s
step  68200 | lr 2.25e-04 | loss 0.9154 pol 0.9045 rf 0.0544 acc 69.6% | 14 it/s
step  68300 | lr 2.24e-04 | loss 0.9190 pol 0.9098 rf 0.0457 acc 68.6% | 14 it/s
step  68400 | lr 2.24e-04 | loss 0.9242 pol 0.9140 rf 0.0509 acc 68.6% | 14 it/s
step  68500 | lr 2.24e-04 | loss 0.9419 pol 0.9281 rf 0.0692 acc 68.1% | 14 it/s
step  68600 | lr 2.24e-04 | loss 0.9548 pol 0.9411 rf 0.0682 acc 68.2% | 14 it/s
step  68700 | lr 2.24e-04 | loss 0.9508 pol 0.9391 rf 0.0585 acc 68.6% | 14 it/s
step  68800 | lr 2.23e-04 | loss 0.9518 pol 0.9395 rf 0.0614 acc 68.3% | 14 it/s
step  68900 | lr 2.23e-04 | loss 0.9435 pol 0.9292 rf 0.0715 acc 67.9% | 14 it/s
step  69000 | lr 2.23e-04 | loss 0.9307 pol 0.9179 rf 0.0638 acc 68.4% | 14 it/s
step  69100 | lr 2.23e-04 | loss 0.9266 pol 0.9133 rf 0.0667 acc 68.7% | 14 it/s
step  69200 | lr 2.23e-04 | loss 0.9308 pol 0.9194 rf 0.0572 acc 68.8% | 14 it/s
step  69300 | lr 2.22e-04 | loss 0.9235 pol 0.9146 rf 0.0444 acc 68.7% | 14 it/s
step  69400 | lr 2.22e-04 | loss 0.9272 pol 0.9164 rf 0.0541 acc 68.6% | 14 it/s
step  69500 | lr 2.22e-04 | loss 0.9328 pol 0.9197 rf 0.0658 acc 68.3% | 14 it/s
step  69600 | lr 2.22e-04 | loss 0.9323 pol 0.9197 rf 0.0629 acc 68.5% | 14 it/s
step  69700 | lr 2.21e-04 | loss 0.9256 pol 0.9141 rf 0.0573 acc 68.6% | 14 it/s
step  69800 | lr 2.21e-04 | loss 0.9247 pol 0.9121 rf 0.0627 acc 69.1% | 14 it/s
step  69900 | lr 2.21e-04 | loss 0.9069 pol 0.8954 rf 0.0572 acc 69.7% | 14 it/s
step  70000 | lr 2.21e-04 | loss 0.9064 pol 0.8938 rf 0.0632 acc 70.4% | 14 it/s
[eval] step 70000 val_loss 1.0386 val_acc 70.1%
step  70100 | lr 2.21e-04 | loss 0.8959 pol 0.8827 rf 0.0657 acc 70.5% | 14 it/s
step  70200 | lr 2.20e-04 | loss 0.9212 pol 0.9110 rf 0.0511 acc 69.0% | 14 it/s
step  70300 | lr 2.20e-04 | loss 0.9277 pol 0.9182 rf 0.0476 acc 68.3% | 14 it/s
step  70400 | lr 2.20e-04 | loss 0.8977 pol 0.8885 rf 0.0461 acc 70.6% | 14 it/s
step  70500 | lr 2.20e-04 | loss 0.9428 pol 0.9313 rf 0.0573 acc 69.0% | 14 it/s
step  70600 | lr 2.20e-04 | loss 0.9408 pol 0.9295 rf 0.0565 acc 69.0% | 14 it/s
step  70700 | lr 2.19e-04 | loss 0.9095 pol 0.8986 rf 0.0545 acc 70.4% | 14 it/s
step  70800 | lr 2.19e-04 | loss 0.8990 pol 0.8886 rf 0.0524 acc 71.0% | 14 it/s
step  70900 | lr 2.19e-04 | loss 0.8960 pol 0.8858 rf 0.0512 acc 71.0% | 14 it/s
step  71000 | lr 2.19e-04 | loss 0.8987 pol 0.8880 rf 0.0533 acc 70.6% | 14 it/s
step  71100 | lr 2.19e-04 | loss 0.9389 pol 0.9261 rf 0.0638 acc 68.0% | 14 it/s
step  71200 | lr 2.18e-04 | loss 0.9165 pol 0.9044 rf 0.0602 acc 69.4% | 14 it/s
step  71300 | lr 2.18e-04 | loss 0.8848 pol 0.8760 rf 0.0440 acc 71.4% | 14 it/s
step  71400 | lr 2.18e-04 | loss 0.8987 pol 0.8883 rf 0.0522 acc 70.4% | 14 it/s
step  71500 | lr 2.18e-04 | loss 0.9227 pol 0.9101 rf 0.0630 acc 68.7% | 14 it/s
step  71600 | lr 2.17e-04 | loss 0.9185 pol 0.9067 rf 0.0590 acc 69.5% | 14 it/s
step  71700 | lr 2.17e-04 | loss 0.8911 pol 0.8819 rf 0.0458 acc 71.0% | 14 it/s
step  71800 | lr 2.17e-04 | loss 0.9035 pol 0.8928 rf 0.0536 acc 70.2% | 14 it/s
step  71900 | lr 2.17e-04 | loss 0.9130 pol 0.9005 rf 0.0625 acc 69.0% | 14 it/s
step  72000 | lr 2.17e-04 | loss 0.9251 pol 0.9126 rf 0.0624 acc 69.3% | 14 it/s
[eval] step 72000 val_loss 0.9078 val_acc 70.2%
step  72100 | lr 2.16e-04 | loss 0.8985 pol 0.8865 rf 0.0604 acc 70.1% | 14 it/s
step  72200 | lr 2.16e-04 | loss 0.9055 pol 0.8938 rf 0.0585 acc 69.7% | 14 it/s
step  72300 | lr 2.16e-04 | loss 0.9069 pol 0.8959 rf 0.0549 acc 69.5% | 14 it/s
step  72400 | lr 2.16e-04 | loss 0.9127 pol 0.9006 rf 0.0604 acc 70.1% | 14 it/s
step  72500 | lr 2.16e-04 | loss 0.9034 pol 0.8901 rf 0.0669 acc 70.1% | 14 it/s
step  72600 | lr 2.15e-04 | loss 0.9283 pol 0.9162 rf 0.0606 acc 69.3% | 14 it/s
step  72700 | lr 2.15e-04 | loss 0.9330 pol 0.9218 rf 0.0562 acc 68.8% | 14 it/s
step  72800 | lr 2.15e-04 | loss 0.8910 pol 0.8813 rf 0.0485 acc 70.7% | 14 it/s
step  72900 | lr 2.15e-04 | loss 0.8673 pol 0.8596 rf 0.0388 acc 71.6% | 14 it/s
step  73000 | lr 2.14e-04 | loss 0.9220 pol 0.9095 rf 0.0626 acc 69.5% | 14 it/s
step  73100 | lr 2.14e-04 | loss 0.9444 pol 0.9301 rf 0.0714 acc 68.4% | 14 it/s
step  73200 | lr 2.14e-04 | loss 0.9302 pol 0.9167 rf 0.0675 acc 68.5% | 14 it/s
step  73300 | lr 2.14e-04 | loss 0.9301 pol 0.9172 rf 0.0646 acc 68.3% | 14 it/s
step  73400 | lr 2.14e-04 | loss 0.9234 pol 0.9095 rf 0.0698 acc 70.0% | 14 it/s
step  73500 | lr 2.13e-04 | loss 0.8905 pol 0.8768 rf 0.0680 acc 70.7% | 14 it/s
step  73600 | lr 2.13e-04 | loss 0.9434 pol 0.9293 rf 0.0701 acc 68.3% | 14 it/s
step  73700 | lr 2.13e-04 | loss 0.9355 pol 0.9222 rf 0.0664 acc 68.0% | 14 it/s
step  73800 | lr 2.13e-04 | loss 0.9255 pol 0.9128 rf 0.0631 acc 68.5% | 14 it/s
step  73900 | lr 2.13e-04 | loss 0.9291 pol 0.9158 rf 0.0662 acc 68.3% | 14 it/s
step  74000 | lr 2.12e-04 | loss 0.9184 pol 0.9061 rf 0.0616 acc 68.8% | 14 it/s
[eval] step 74000 val_loss 1.0657 val_acc 69.1%
step  74100 | lr 2.12e-04 | loss 0.9141 pol 0.9022 rf 0.0598 acc 69.1% | 14 it/s
step  74200 | lr 2.12e-04 | loss 0.9580 pol 0.9456 rf 0.0616 acc 68.8% | 14 it/s
step  74300 | lr 2.12e-04 | loss 0.9442 pol 0.9326 rf 0.0577 acc 68.9% | 14 it/s
step  74400 | lr 2.11e-04 | loss 0.9558 pol 0.9434 rf 0.0622 acc 68.4% | 14 it/s
step  74500 | lr 2.11e-04 | loss 0.9538 pol 0.9415 rf 0.0615 acc 68.3% | 14 it/s
step  74600 | lr 2.11e-04 | loss 0.9401 pol 0.9268 rf 0.0666 acc 68.2% | 14 it/s
step  74700 | lr 2.11e-04 | loss 0.9341 pol 0.9212 rf 0.0644 acc 68.3% | 14 it/s
step  74800 | lr 2.11e-04 | loss 0.9220 pol 0.9090 rf 0.0651 acc 68.7% | 14 it/s
step  74900 | lr 2.10e-04 | loss 0.9412 pol 0.9278 rf 0.0670 acc 68.6% | 14 it/s
step  75000 | lr 2.10e-04 | loss 0.9495 pol 0.9376 rf 0.0593 acc 68.5% | 14 it/s
step  75100 | lr 2.10e-04 | loss 0.9506 pol 0.9384 rf 0.0606 acc 68.3% | 14 it/s
step  75200 | lr 2.10e-04 | loss 0.9264 pol 0.9133 rf 0.0654 acc 68.8% | 14 it/s
step  75300 | lr 2.09e-04 | loss 0.9255 pol 0.9121 rf 0.0671 acc 68.8% | 14 it/s
step  75400 | lr 2.09e-04 | loss 0.9414 pol 0.9276 rf 0.0688 acc 67.9% | 14 it/s
step  75500 | lr 2.09e-04 | loss 0.9278 pol 0.9146 rf 0.0662 acc 68.4% | 14 it/s
step  75600 | lr 2.09e-04 | loss 0.9093 pol 0.8958 rf 0.0678 acc 69.8% | 14 it/s
step  75700 | lr 2.09e-04 | loss 0.9119 pol 0.8987 rf 0.0658 acc 69.5% | 14 it/s
step  75800 | lr 2.08e-04 | loss 0.9232 pol 0.9100 rf 0.0658 acc 68.6% | 14 it/s
step  75900 | lr 2.08e-04 | loss 0.9354 pol 0.9225 rf 0.0645 acc 68.8% | 14 it/s
step  76000 | lr 2.08e-04 | loss 0.9024 pol 0.8913 rf 0.0557 acc 69.9% | 14 it/s
[eval] step 76000 val_loss 0.9148 val_acc 70.1%
step  76100 | lr 2.08e-04 | loss 0.9076 pol 0.8950 rf 0.0628 acc 70.2% | 14 it/s
step  76200 | lr 2.08e-04 | loss 0.9092 pol 0.8954 rf 0.0690 acc 70.0% | 14 it/s
step  76300 | lr 2.07e-04 | loss 0.9108 pol 0.8985 rf 0.0618 acc 70.1% | 14 it/s
step  76400 | lr 2.07e-04 | loss 0.9015 pol 0.8906 rf 0.0545 acc 69.7% | 14 it/s
step  76500 | lr 2.07e-04 | loss 0.9295 pol 0.9165 rf 0.0648 acc 68.6% | 14 it/s
step  76600 | lr 2.07e-04 | loss 0.9441 pol 0.9305 rf 0.0685 acc 67.7% | 14 it/s
step  76700 | lr 2.06e-04 | loss 0.9641 pol 0.9508 rf 0.0660 acc 68.0% | 14 it/s
step  76800 | lr 2.06e-04 | loss 0.9495 pol 0.9380 rf 0.0574 acc 68.4% | 14 it/s
step  76900 | lr 2.06e-04 | loss 0.9006 pol 0.8911 rf 0.0476 acc 70.4% | 14 it/s
step  77000 | lr 2.06e-04 | loss 0.8702 pol 0.8623 rf 0.0398 acc 71.6% | 14 it/s
step  77100 | lr 2.06e-04 | loss 0.8995 pol 0.8910 rf 0.0427 acc 69.7% | 14 it/s
step  77200 | lr 2.05e-04 | loss 0.9074 pol 0.8984 rf 0.0450 acc 68.9% | 14 it/s
step  77300 | lr 2.05e-04 | loss 0.8965 pol 0.8867 rf 0.0488 acc 70.6% | 14 it/s
step  77400 | lr 2.05e-04 | loss 0.8898 pol 0.8800 rf 0.0493 acc 71.2% | 14 it/s
step  77500 | lr 2.05e-04 | loss 0.9142 pol 0.9025 rf 0.0588 acc 69.9% | 14 it/s
step  77600 | lr 2.04e-04 | loss 0.9210 pol 0.9086 rf 0.0618 acc 69.3% | 14 it/s
step  77700 | lr 2.04e-04 | loss 0.9131 pol 0.9023 rf 0.0536 acc 69.4% | 14 it/s
step  77800 | lr 2.04e-04 | loss 0.9029 pol 0.8925 rf 0.0520 acc 69.6% | 14 it/s
step  77900 | lr 2.04e-04 | loss 0.9288 pol 0.9194 rf 0.0469 acc 68.6% | 14 it/s
step  78000 | lr 2.04e-04 | loss 0.9269 pol 0.9177 rf 0.0463 acc 68.3% | 14 it/s
[eval] step 78000 val_loss 1.0011 val_acc 69.6%
step  78100 | lr 2.03e-04 | loss 0.9295 pol 0.9172 rf 0.0615 acc 68.7% | 14 it/s
step  78200 | lr 2.03e-04 | loss 0.9236 pol 0.9109 rf 0.0632 acc 68.6% | 14 it/s
step  78300 | lr 2.03e-04 | loss 0.9253 pol 0.9115 rf 0.0690 acc 69.9% | 14 it/s
step  78400 | lr 2.03e-04 | loss 0.9006 pol 0.8868 rf 0.0688 acc 70.3% | 14 it/s
step  78500 | lr 2.02e-04 | loss 0.9400 pol 0.9282 rf 0.0589 acc 68.6% | 14 it/s
step  78600 | lr 2.02e-04 | loss 0.9280 pol 0.9160 rf 0.0601 acc 69.0% | 14 it/s
step  78700 | lr 2.02e-04 | loss 0.9277 pol 0.9166 rf 0.0555 acc 68.5% | 14 it/s
step  78800 | lr 2.02e-04 | loss 0.9275 pol 0.9156 rf 0.0599 acc 69.0% | 14 it/s
step  78900 | lr 2.02e-04 | loss 0.9027 pol 0.8896 rf 0.0658 acc 70.4% | 14 it/s
step  79000 | lr 2.01e-04 | loss 0.9121 pol 0.8993 rf 0.0639 acc 70.0% | 14 it/s
step  79100 | lr 2.01e-04 | loss 0.9445 pol 0.9309 rf 0.0682 acc 67.8% | 14 it/s
step  79200 | lr 2.01e-04 | loss 0.9376 pol 0.9247 rf 0.0648 acc 68.4% | 14 it/s
step  79300 | lr 2.01e-04 | loss 0.8881 pol 0.8792 rf 0.0447 acc 71.5% | 14 it/s
step  79400 | lr 2.00e-04 | loss 0.9031 pol 0.8931 rf 0.0500 acc 70.5% | 14 it/s
step  79500 | lr 2.00e-04 | loss 0.9410 pol 0.9270 rf 0.0701 acc 68.6% | 14 it/s
step  79600 | lr 2.00e-04 | loss 0.9300 pol 0.9161 rf 0.0697 acc 69.1% | 14 it/s
step  79700 | lr 2.00e-04 | loss 0.9043 pol 0.8904 rf 0.0695 acc 70.0% | 14 it/s
step  79800 | lr 2.00e-04 | loss 0.9133 pol 0.9003 rf 0.0650 acc 69.4% | 14 it/s
step  79900 | lr 1.99e-04 | loss 0.9249 pol 0.9116 rf 0.0668 acc 68.6% | 14 it/s
step  80000 | lr 1.99e-04 | loss 0.9311 pol 0.9182 rf 0.0648 acc 68.7% | 14 it/s
[eval] step 80000 val_loss 0.9597 val_acc 69.6%
step  80100 | lr 1.99e-04 | loss 0.9273 pol 0.9161 rf 0.0562 acc 68.5% | 14 it/s
step  80200 | lr 1.99e-04 | loss 0.9331 pol 0.9204 rf 0.0634 acc 68.4% | 14 it/s
step  80300 | lr 1.98e-04 | loss 0.9431 pol 0.9291 rf 0.0702 acc 68.6% | 14 it/s
step  80400 | lr 1.98e-04 | loss 0.9301 pol 0.9167 rf 0.0666 acc 69.3% | 14 it/s
step  80500 | lr 1.98e-04 | loss 0.9153 pol 0.9019 rf 0.0669 acc 70.0% | 14 it/s
step  80600 | lr 1.98e-04 | loss 0.9175 pol 0.9039 rf 0.0678 acc 70.1% | 14 it/s
step  80700 | lr 1.97e-04 | loss 0.9028 pol 0.8899 rf 0.0646 acc 69.9% | 14 it/s
step  80800 | lr 1.97e-04 | loss 0.9191 pol 0.9064 rf 0.0636 acc 69.1% | 14 it/s
step  80900 | lr 1.97e-04 | loss 0.9316 pol 0.9187 rf 0.0646 acc 68.2% | 14 it/s
step  81000 | lr 1.97e-04 | loss 0.9371 pol 0.9233 rf 0.0689 acc 68.2% | 14 it/s
step  81100 | lr 1.97e-04 | loss 0.9282 pol 0.9141 rf 0.0703 acc 68.6% | 14 it/s
step  81200 | lr 1.96e-04 | loss 0.9351 pol 0.9216 rf 0.0677 acc 68.3% | 14 it/s
step  81300 | lr 1.96e-04 | loss 0.9395 pol 0.9259 rf 0.0677 acc 67.8% | 14 it/s
step  81400 | lr 1.96e-04 | loss 0.9116 pol 0.9012 rf 0.0522 acc 70.3% | 14 it/s
step  81500 | lr 1.96e-04 | loss 0.8819 pol 0.8733 rf 0.0430 acc 71.3% | 14 it/s
step  81600 | lr 1.95e-04 | loss 0.9211 pol 0.9092 rf 0.0594 acc 69.0% | 14 it/s
step  81700 | lr 1.95e-04 | loss 0.9249 pol 0.9122 rf 0.0634 acc 68.5% | 14 it/s
step  81800 | lr 1.95e-04 | loss 0.9041 pol 0.8935 rf 0.0531 acc 70.7% | 14 it/s
step  81900 | lr 1.95e-04 | loss 0.8863 pol 0.8772 rf 0.0458 acc 71.1% | 14 it/s
step  82000 | lr 1.95e-04 | loss 0.8941 pol 0.8840 rf 0.0502 acc 70.6% | 14 it/s
[eval] step 82000 val_loss 0.9094 val_acc 70.3%
step  82100 | lr 1.94e-04 | loss 0.8970 pol 0.8864 rf 0.0528 acc 70.4% | 14 it/s
step  82200 | lr 1.94e-04 | loss 0.9267 pol 0.9135 rf 0.0664 acc 69.0% | 14 it/s
step  82300 | lr 1.94e-04 | loss 0.9270 pol 0.9145 rf 0.0626 acc 68.4% | 14 it/s
step  82400 | lr 1.94e-04 | loss 0.9103 pol 0.8964 rf 0.0693 acc 70.5% | 14 it/s
step  82500 | lr 1.93e-04 | loss 0.8968 pol 0.8833 rf 0.0677 acc 70.4% | 14 it/s
step  82600 | lr 1.93e-04 | loss 0.9456 pol 0.9338 rf 0.0587 acc 69.0% | 14 it/s
step  82700 | lr 1.93e-04 | loss 0.9369 pol 0.9254 rf 0.0576 acc 69.2% | 14 it/s
step  82800 | lr 1.93e-04 | loss 0.9311 pol 0.9205 rf 0.0527 acc 69.0% | 14 it/s
step  82900 | lr 1.92e-04 | loss 0.9307 pol 0.9196 rf 0.0554 acc 69.0% | 14 it/s
step  83000 | lr 1.92e-04 | loss 0.9324 pol 0.9202 rf 0.0609 acc 69.4% | 14 it/s
step  83100 | lr 1.92e-04 | loss 0.9417 pol 0.9290 rf 0.0631 acc 69.0% | 14 it/s
step  83200 | lr 1.92e-04 | loss 0.9324 pol 0.9211 rf 0.0563 acc 68.4% | 14 it/s
step  83300 | lr 1.92e-04 | loss 0.9168 pol 0.9056 rf 0.0561 acc 68.8% | 14 it/s
step  83400 | lr 1.91e-04 | loss 0.9216 pol 0.9101 rf 0.0573 acc 68.8% | 14 it/s
step  83500 | lr 1.91e-04 | loss 0.9239 pol 0.9130 rf 0.0545 acc 68.9% | 14 it/s
step  83600 | lr 1.91e-04 | loss 0.8995 pol 0.8890 rf 0.0524 acc 71.1% | 14 it/s
step  83700 | lr 1.91e-04 | loss 0.8987 pol 0.8881 rf 0.0529 acc 70.9% | 14 it/s
step  83800 | lr 1.90e-04 | loss 0.8947 pol 0.8850 rf 0.0484 acc 70.4% | 14 it/s
step  83900 | lr 1.90e-04 | loss 0.9065 pol 0.8959 rf 0.0529 acc 70.3% | 14 it/s
step  84000 | lr 1.90e-04 | loss 0.9312 pol 0.9196 rf 0.0577 acc 69.2% | 14 it/s
[eval] step 84000 val_loss 0.9437 val_acc 70.2%
step  84100 | lr 1.90e-04 | loss 0.9318 pol 0.9197 rf 0.0604 acc 69.2% | 14 it/s
step  84200 | lr 1.90e-04 | loss 0.9228 pol 0.9098 rf 0.0649 acc 68.7% | 14 it/s
step  84300 | lr 1.89e-04 | loss 0.9195 pol 0.9072 rf 0.0615 acc 68.8% | 14 it/s
step  84400 | lr 1.89e-04 | loss 0.9239 pol 0.9114 rf 0.0626 acc 68.6% | 14 it/s
step  84500 | lr 1.89e-04 | loss 0.9136 pol 0.9003 rf 0.0662 acc 69.3% | 14 it/s
step  84600 | lr 1.89e-04 | loss 0.9080 pol 0.8948 rf 0.0658 acc 69.8% | 14 it/s
step  84700 | lr 1.88e-04 | loss 0.9320 pol 0.9176 rf 0.0720 acc 69.7% | 14 it/s
step  84800 | lr 1.88e-04 | loss 0.9077 pol 0.8943 rf 0.0668 acc 70.1% | 14 it/s
step  84900 | lr 1.88e-04 | loss 0.9347 pol 0.9213 rf 0.0672 acc 68.9% | 14 it/s
step  85000 | lr 1.88e-04 | loss 0.9366 pol 0.9229 rf 0.0687 acc 68.2% | 14 it/s
step  85100 | lr 1.87e-04 | loss 0.9147 pol 0.9019 rf 0.0644 acc 69.3% | 14 it/s
step  85200 | lr 1.87e-04 | loss 0.8942 pol 0.8818 rf 0.0623 acc 70.2% | 14 it/s
step  85300 | lr 1.87e-04 | loss 0.8897 pol 0.8771 rf 0.0630 acc 70.3% | 14 it/s
step  85400 | lr 1.87e-04 | loss 0.8912 pol 0.8786 rf 0.0632 acc 70.5% | 14 it/s
step  85500 | lr 1.87e-04 | loss 0.9191 pol 0.9071 rf 0.0604 acc 69.8% | 14 it/s
step  85600 | lr 1.86e-04 | loss 0.9213 pol 0.9087 rf 0.0628 acc 69.5% | 14 it/s
step  85700 | lr 1.86e-04 | loss 0.9516 pol 0.9396 rf 0.0597 acc 68.5% | 14 it/s
step  85800 | lr 1.86e-04 | loss 0.9532 pol 0.9412 rf 0.0601 acc 68.3% | 14 it/s
step  85900 | lr 1.86e-04 | loss 0.9492 pol 0.9375 rf 0.0585 acc 68.7% | 14 it/s
step  86000 | lr 1.85e-04 | loss 0.9431 pol 0.9313 rf 0.0590 acc 68.9% | 14 it/s
[eval] step 86000 val_loss 0.9180 val_acc 70.2%
step  86100 | lr 1.85e-04 | loss 0.9295 pol 0.9197 rf 0.0489 acc 68.5% | 14 it/s
step  86200 | lr 1.85e-04 | loss 0.9163 pol 0.9074 rf 0.0447 acc 68.6% | 14 it/s
step  86300 | lr 1.85e-04 | loss 0.9294 pol 0.9184 rf 0.0550 acc 68.5% | 14 it/s
step  86400 | lr 1.84e-04 | loss 0.9292 pol 0.9178 rf 0.0568 acc 68.6% | 14 it/s
step  86500 | lr 1.84e-04 | loss 0.9062 pol 0.8954 rf 0.0544 acc 69.6% | 14 it/s
step  86600 | lr 1.84e-04 | loss 0.8960 pol 0.8850 rf 0.0554 acc 69.9% | 14 it/s
step  86700 | lr 1.84e-04 | loss 0.9318 pol 0.9204 rf 0.0571 acc 69.4% | 14 it/s
step  86800 | lr 1.84e-04 | loss 0.9306 pol 0.9192 rf 0.0570 acc 69.2% | 14 it/s
step  86900 | lr 1.83e-04 | loss 0.9312 pol 0.9181 rf 0.0656 acc 68.5% | 14 it/s
step  87000 | lr 1.83e-04 | loss 0.9250 pol 0.9125 rf 0.0623 acc 69.0% | 14 it/s
step  87100 | lr 1.83e-04 | loss 0.9012 pol 0.8916 rf 0.0476 acc 70.4% | 14 it/s
step  87200 | lr 1.83e-04 | loss 0.8952 pol 0.8857 rf 0.0478 acc 70.4% | 14 it/s
step  87300 | lr 1.82e-04 | loss 0.9510 pol 0.9399 rf 0.0558 acc 68.5% | 14 it/s
step  87400 | lr 1.82e-04 | loss 0.9456 pol 0.9339 rf 0.0585 acc 68.6% | 14 it/s
step  87500 | lr 1.82e-04 | loss 0.9080 pol 0.8937 rf 0.0715 acc 70.3% | 14 it/s
step  87600 | lr 1.82e-04 | loss 0.9153 pol 0.9008 rf 0.0725 acc 70.3% | 14 it/s
step  87700 | lr 1.81e-04 | loss 0.8993 pol 0.8858 rf 0.0676 acc 70.4% | 14 it/s
step  87800 | lr 1.81e-04 | loss 0.9079 pol 0.8957 rf 0.0606 acc 70.0% | 14 it/s
step  87900 | lr 1.81e-04 | loss 0.9194 pol 0.9101 rf 0.0461 acc 68.9% | 14 it/s
step  88000 | lr 1.81e-04 | loss 0.9230 pol 0.9124 rf 0.0528 acc 69.1% | 14 it/s
[eval] step 88000 val_loss 0.9968 val_acc 69.8%
step  88100 | lr 1.80e-04 | loss 0.9266 pol 0.9138 rf 0.0641 acc 68.5% | 14 it/s
step  88200 | lr 1.80e-04 | loss 0.9222 pol 0.9103 rf 0.0595 acc 68.8% | 14 it/s
step  88300 | lr 1.80e-04 | loss 0.9159 pol 0.9066 rf 0.0463 acc 68.7% | 14 it/s
step  88400 | lr 1.80e-04 | loss 0.9247 pol 0.9140 rf 0.0533 acc 68.5% | 14 it/s
step  88500 | lr 1.80e-04 | loss 0.9394 pol 0.9247 rf 0.0734 acc 68.0% | 14 it/s
step  88600 | lr 1.79e-04 | loss 0.9336 pol 0.9218 rf 0.0591 acc 68.6% | 14 it/s
step  88700 | lr 1.79e-04 | loss 0.9201 pol 0.9111 rf 0.0447 acc 68.6% | 14 it/s
step  88800 | lr 1.79e-04 | loss 0.9324 pol 0.9205 rf 0.0594 acc 68.6% | 14 it/s
step  88900 | lr 1.79e-04 | loss 0.9455 pol 0.9317 rf 0.0687 acc 68.5% | 14 it/s
step  89000 | lr 1.78e-04 | loss 0.9349 pol 0.9214 rf 0.0673 acc 68.5% | 14 it/s
step  89100 | lr 1.78e-04 | loss 0.9298 pol 0.9161 rf 0.0684 acc 68.6% | 14 it/s
step  89200 | lr 1.78e-04 | loss 0.9148 pol 0.9035 rf 0.0567 acc 69.9% | 14 it/s
step  89300 | lr 1.78e-04 | loss 0.8865 pol 0.8774 rf 0.0457 acc 70.7% | 14 it/s
step  89400 | lr 1.77e-04 | loss 0.9154 pol 0.9040 rf 0.0573 acc 69.5% | 14 it/s
step  89500 | lr 1.77e-04 | loss 0.9229 pol 0.9097 rf 0.0663 acc 68.7% | 14 it/s
step  89600 | lr 1.77e-04 | loss 0.9332 pol 0.9199 rf 0.0665 acc 68.1% | 14 it/s
step  89700 | lr 1.77e-04 | loss 0.9418 pol 0.9284 rf 0.0670 acc 67.8% | 14 it/s
step  89800 | lr 1.77e-04 | loss 0.9294 pol 0.9188 rf 0.0527 acc 68.4% | 14 it/s
step  89900 | lr 1.76e-04 | loss 0.9113 pol 0.9026 rf 0.0435 acc 68.7% | 14 it/s
step  90000 | lr 1.76e-04 | loss 0.9439 pol 0.9311 rf 0.0643 acc 68.3% | 14 it/s
[eval] step 90000 val_loss 0.9370 val_acc 70.1%
step  90100 | lr 1.76e-04 | loss 0.9397 pol 0.9255 rf 0.0707 acc 68.7% | 14 it/s
step  90200 | lr 1.76e-04 | loss 0.9149 pol 0.9056 rf 0.0467 acc 68.9% | 14 it/s
step  90300 | lr 1.75e-04 | loss 0.9030 pol 0.8950 rf 0.0399 acc 69.0% | 14 it/s
step  90400 | lr 1.75e-04 | loss 0.9130 pol 0.9005 rf 0.0624 acc 69.7% | 14 it/s
step  90500 | lr 1.75e-04 | loss 0.9004 pol 0.8871 rf 0.0668 acc 70.2% | 14 it/s
step  90600 | lr 1.75e-04 | loss 0.9103 pol 0.8989 rf 0.0571 acc 70.5% | 14 it/s
step  90700 | lr 1.74e-04 | loss 0.9114 pol 0.8999 rf 0.0574 acc 70.6% | 14 it/s
step  90800 | lr 1.74e-04 | loss 0.9274 pol 0.9144 rf 0.0650 acc 68.6% | 14 it/s
step  90900 | lr 1.74e-04 | loss 0.9219 pol 0.9092 rf 0.0637 acc 68.8% | 14 it/s
step  91000 | lr 1.74e-04 | loss 0.9391 pol 0.9256 rf 0.0671 acc 67.7% | 14 it/s
step  91100 | lr 1.73e-04 | loss 0.9457 pol 0.9323 rf 0.0666 acc 67.7% | 14 it/s
step  91200 | lr 1.73e-04 | loss 0.8891 pol 0.8799 rf 0.0455 acc 70.9% | 14 it/s
step  91300 | lr 1.73e-04 | loss 0.9010 pol 0.8904 rf 0.0529 acc 69.8% | 14 it/s
step  91400 | lr 1.73e-04 | loss 0.9060 pol 0.8950 rf 0.0553 acc 69.8% | 14 it/s
step  91500 | lr 1.73e-04 | loss 0.9256 pol 0.9136 rf 0.0599 acc 69.1% | 14 it/s
step  91600 | lr 1.72e-04 | loss 0.9370 pol 0.9249 rf 0.0606 acc 69.1% | 14 it/s
step  91700 | lr 1.72e-04 | loss 0.9371 pol 0.9254 rf 0.0584 acc 69.0% | 14 it/s
step  91800 | lr 1.72e-04 | loss 0.9428 pol 0.9299 rf 0.0645 acc 68.6% | 14 it/s
step  91900 | lr 1.72e-04 | loss 0.9322 pol 0.9186 rf 0.0681 acc 68.3% | 14 it/s
step  92000 | lr 1.71e-04 | loss 0.9227 pol 0.9118 rf 0.0546 acc 69.4% | 14 it/s
[eval] step 92000 val_loss 0.9127 val_acc 70.2%
step  92100 | lr 1.71e-04 | loss 0.8736 pol 0.8657 rf 0.0395 acc 71.1% | 14 it/s
step  92200 | lr 1.71e-04 | loss 0.9272 pol 0.9153 rf 0.0595 acc 69.0% | 14 it/s
step  92300 | lr 1.71e-04 | loss 0.9348 pol 0.9211 rf 0.0686 acc 68.2% | 14 it/s
step  92400 | lr 1.70e-04 | loss 0.9355 pol 0.9224 rf 0.0655 acc 69.1% | 14 it/s
step  92500 | lr 1.70e-04 | loss 0.9058 pol 0.8936 rf 0.0610 acc 70.1% | 14 it/s
step  92600 | lr 1.70e-04 | loss 0.8912 pol 0.8809 rf 0.0515 acc 70.8% | 14 it/s
step  92700 | lr 1.70e-04 | loss 0.9000 pol 0.8897 rf 0.0515 acc 70.3% | 14 it/s
step  92800 | lr 1.69e-04 | loss 0.9323 pol 0.9192 rf 0.0658 acc 68.4% | 14 it/s
step  92900 | lr 1.69e-04 | loss 0.9354 pol 0.9214 rf 0.0698 acc 69.1% | 14 it/s
step  93000 | lr 1.69e-04 | loss 0.9081 pol 0.8948 rf 0.0661 acc 70.0% | 14 it/s
step  93100 | lr 1.69e-04 | loss 0.9249 pol 0.9113 rf 0.0680 acc 69.4% | 14 it/s
step  93200 | lr 1.69e-04 | loss 0.9248 pol 0.9117 rf 0.0656 acc 68.7% | 14 it/s
step  93300 | lr 1.68e-04 | loss 0.9120 pol 0.9009 rf 0.0554 acc 69.9% | 14 it/s
step  93400 | lr 1.68e-04 | loss 0.8734 pol 0.8652 rf 0.0412 acc 71.5% | 14 it/s
step  93500 | lr 1.68e-04 | loss 0.9428 pol 0.9309 rf 0.0596 acc 68.9% | 14 it/s
step  93600 | lr 1.68e-04 | loss 0.9331 pol 0.9217 rf 0.0571 acc 69.1% | 14 it/s
step  93700 | lr 1.67e-04 | loss 0.9206 pol 0.9086 rf 0.0598 acc 69.5% | 14 it/s
step  93800 | lr 1.67e-04 | loss 0.9201 pol 0.9079 rf 0.0606 acc 69.4% | 14 it/s
step  93900 | lr 1.67e-04 | loss 0.9312 pol 0.9178 rf 0.0669 acc 68.5% | 14 it/s
step  94000 | lr 1.67e-04 | loss 0.9334 pol 0.9205 rf 0.0649 acc 68.4% | 14 it/s
[eval] step 94000 val_loss 0.9866 val_acc 69.6%
step  94100 | lr 1.66e-04 | loss 0.9404 pol 0.9294 rf 0.0546 acc 68.7% | 14 it/s
step  94200 | lr 1.66e-04 | loss 0.9360 pol 0.9248 rf 0.0560 acc 68.8% | 14 it/s
step  94300 | lr 1.66e-04 | loss 0.9212 pol 0.9087 rf 0.0627 acc 68.8% | 14 it/s
step  94400 | lr 1.66e-04 | loss 0.9364 pol 0.9233 rf 0.0653 acc 68.7% | 14 it/s
step  94500 | lr 1.65e-04 | loss 0.9440 pol 0.9323 rf 0.0583 acc 68.8% | 14 it/s
step  94600 | lr 1.65e-04 | loss 0.9368 pol 0.9251 rf 0.0584 acc 69.0% | 14 it/s
step  94700 | lr 1.65e-04 | loss 0.9341 pol 0.9233 rf 0.0538 acc 69.1% | 14 it/s
step  94800 | lr 1.65e-04 | loss 0.9280 pol 0.9162 rf 0.0586 acc 69.4% | 14 it/s
step  94900 | lr 1.64e-04 | loss 0.8997 pol 0.8873 rf 0.0617 acc 70.2% | 14 it/s
step  95000 | lr 1.64e-04 | loss 0.9078 pol 0.8946 rf 0.0661 acc 70.5% | 14 it/s
step  95100 | lr 1.64e-04 | loss 0.9049 pol 0.8911 rf 0.0692 acc 70.2% | 14 it/s
step  95200 | lr 1.64e-04 | loss 0.9164 pol 0.9039 rf 0.0624 acc 69.6% | 14 it/s
step  95300 | lr 1.64e-04 | loss 0.9286 pol 0.9175 rf 0.0556 acc 68.8% | 14 it/s
step  95400 | lr 1.63e-04 | loss 0.9235 pol 0.9119 rf 0.0578 acc 69.3% | 14 it/s
step  95500 | lr 1.63e-04 | loss 0.9168 pol 0.9053 rf 0.0575 acc 69.5% | 14 it/s
step  95600 | lr 1.63e-04 | loss 0.9320 pol 0.9197 rf 0.0617 acc 68.6% | 14 it/s
step  95700 | lr 1.63e-04 | loss 0.9488 pol 0.9347 rf 0.0707 acc 67.5% | 14 it/s
step  95800 | lr 1.62e-04 | loss 0.9317 pol 0.9187 rf 0.0647 acc 68.2% | 14 it/s
step  95900 | lr 1.62e-04 | loss 0.9222 pol 0.9093 rf 0.0646 acc 68.8% | 14 it/s
step  96000 | lr 1.62e-04 | loss 0.9284 pol 0.9163 rf 0.0604 acc 69.1% | 14 it/s
[eval] step 96000 val_loss 0.9119 val_acc 70.1%
step  96100 | lr 1.62e-04 | loss 0.9048 pol 0.8939 rf 0.0544 acc 69.6% | 14 it/s
step  96200 | lr 1.61e-04 | loss 0.9116 pol 0.8996 rf 0.0601 acc 69.7% | 14 it/s
step  96300 | lr 1.61e-04 | loss 0.9155 pol 0.9032 rf 0.0613 acc 69.6% | 14 it/s
step  96400 | lr 1.61e-04 | loss 0.9318 pol 0.9198 rf 0.0600 acc 69.5% | 14 it/s
step  96500 | lr 1.61e-04 | loss 0.9256 pol 0.9146 rf 0.0550 acc 69.6% | 14 it/s
step  96600 | lr 1.60e-04 | loss 0.9487 pol 0.9355 rf 0.0661 acc 67.9% | 14 it/s
step  96700 | lr 1.60e-04 | loss 0.9462 pol 0.9324 rf 0.0689 acc 67.6% | 14 it/s
step  96800 | lr 1.60e-04 | loss 0.9043 pol 0.8950 rf 0.0464 acc 70.3% | 14 it/s
step  96900 | lr 1.60e-04 | loss 0.8757 pol 0.8672 rf 0.0425 acc 71.4% | 14 it/s
step  97000 | lr 1.60e-04 | loss 0.9086 pol 0.8955 rf 0.0655 acc 70.4% | 14 it/s
step  97100 | lr 1.59e-04 | loss 0.9013 pol 0.8882 rf 0.0658 acc 70.1% | 14 it/s
step  97200 | lr 1.59e-04 | loss 0.9296 pol 0.9180 rf 0.0580 acc 69.0% | 14 it/s
step  97300 | lr 1.59e-04 | loss 0.9267 pol 0.9154 rf 0.0564 acc 68.6% | 14 it/s
step  97400 | lr 1.59e-04 | loss 0.9061 pol 0.8923 rf 0.0693 acc 70.2% | 14 it/s
step  97500 | lr 1.58e-04 | loss 0.8949 pol 0.8814 rf 0.0673 acc 70.4% | 14 it/s
step  97600 | lr 1.58e-04 | loss 0.9644 pol 0.9519 rf 0.0624 acc 68.7% | 14 it/s
step  97700 | lr 1.58e-04 | loss 0.9391 pol 0.9275 rf 0.0581 acc 69.0% | 14 it/s
step  97800 | lr 1.58e-04 | loss 0.9401 pol 0.9285 rf 0.0579 acc 69.0% | 14 it/s
step  97900 | lr 1.57e-04 | loss 0.9333 pol 0.9217 rf 0.0582 acc 69.1% | 14 it/s
step  98000 | lr 1.57e-04 | loss 0.8981 pol 0.8871 rf 0.0552 acc 70.1% | 14 it/s
[eval] step 98000 val_loss 0.9132 val_acc 70.2%
step  98100 | lr 1.57e-04 | loss 0.9053 pol 0.8939 rf 0.0566 acc 69.8% | 14 it/s
step  98200 | lr 1.57e-04 | loss 0.8981 pol 0.8878 rf 0.0517 acc 71.1% | 14 it/s
step  98300 | lr 1.56e-04 | loss 0.9023 pol 0.8919 rf 0.0520 acc 70.8% | 14 it/s
step  98400 | lr 1.56e-04 | loss 0.9403 pol 0.9286 rf 0.0584 acc 69.0% | 14 it/s
step  98500 | lr 1.56e-04 | loss 0.9486 pol 0.9365 rf 0.0603 acc 68.8% | 14 it/s
step  98600 | lr 1.56e-04 | loss 0.9549 pol 0.9424 rf 0.0627 acc 68.2% | 14 it/s
step  98700 | lr 1.55e-04 | loss 0.9398 pol 0.9273 rf 0.0621 acc 68.8% | 14 it/s
step  98800 | lr 1.55e-04 | loss 0.9107 pol 0.8974 rf 0.0666 acc 69.9% | 14 it/s
step  98900 | lr 1.55e-04 | loss 0.9208 pol 0.9070 rf 0.0690 acc 69.6% | 14 it/s
step  99000 | lr 1.55e-04 | loss 0.9349 pol 0.9218 rf 0.0654 acc 68.1% | 14 it/s
step  99100 | lr 1.55e-04 | loss 0.9411 pol 0.9271 rf 0.0703 acc 69.1% | 14 it/s
step  99200 | lr 1.54e-04 | loss 0.8935 pol 0.8794 rf 0.0704 acc 70.7% | 14 it/s
step  99300 | lr 1.54e-04 | loss 0.9188 pol 0.9056 rf 0.0663 acc 69.7% | 14 it/s
step  99400 | lr 1.54e-04 | loss 0.9179 pol 0.9058 rf 0.0607 acc 68.9% | 14 it/s
step  99500 | lr 1.54e-04 | loss 0.9189 pol 0.9061 rf 0.0636 acc 68.9% | 14 it/s
step  99600 | lr 1.53e-04 | loss 0.9239 pol 0.9108 rf 0.0651 acc 68.7% | 14 it/s
step  99700 | lr 1.53e-04 | loss 0.9367 pol 0.9233 rf 0.0668 acc 68.0% | 14 it/s
step  99800 | lr 1.53e-04 | loss 0.9376 pol 0.9243 rf 0.0663 acc 68.0% | 14 it/s
step  99900 | lr 1.53e-04 | loss 0.9354 pol 0.9235 rf 0.0596 acc 68.6% | 14 it/s
step 100000 | lr 1.52e-04 | loss 0.8953 pol 0.8846 rf 0.0533 acc 70.0% | 14 it/s
[eval] step 100000 val_loss 0.9110 val_acc 70.2%
step 100100 | lr 1.52e-04 | loss 0.9106 pol 0.8993 rf 0.0566 acc 69.7% | 14 it/s
step 100200 | lr 1.52e-04 | loss 0.9149 pol 0.9027 rf 0.0606 acc 69.7% | 14 it/s
step 100300 | lr 1.52e-04 | loss 0.8940 pol 0.8846 rf 0.0469 acc 70.7% | 14 it/s
step 100400 | lr 1.51e-04 | loss 0.8820 pol 0.8735 rf 0.0424 acc 71.2% | 14 it/s
step 100500 | lr 1.51e-04 | loss 0.9115 pol 0.9028 rf 0.0435 acc 68.8% | 14 it/s
step 100600 | lr 1.51e-04 | loss 0.9170 pol 0.9076 rf 0.0467 acc 68.8% | 14 it/s
step 100700 | lr 1.51e-04 | loss 0.9129 pol 0.9016 rf 0.0562 acc 70.4% | 14 it/s
step 100800 | lr 1.50e-04 | loss 0.9150 pol 0.9036 rf 0.0572 acc 70.0% | 14 it/s
step 100900 | lr 1.50e-04 | loss 0.9256 pol 0.9137 rf 0.0595 acc 68.7% | 14 it/s
step 101000 | lr 1.50e-04 | loss 0.9138 pol 0.9032 rf 0.0534 acc 69.4% | 14 it/s
step 101100 | lr 1.50e-04 | loss 0.9005 pol 0.8902 rf 0.0519 acc 70.8% | 14 it/s
step 101200 | lr 1.50e-04 | loss 0.9057 pol 0.8942 rf 0.0576 acc 70.6% | 14 it/s
step 101300 | lr 1.49e-04 | loss 0.9169 pol 0.9049 rf 0.0600 acc 69.3% | 14 it/s
step 101400 | lr 1.49e-04 | loss 0.9237 pol 0.9106 rf 0.0655 acc 68.6% | 14 it/s
step 101500 | lr 1.49e-04 | loss 0.9321 pol 0.9183 rf 0.0689 acc 68.3% | 14 it/s
step 101600 | lr 1.49e-04 | loss 0.9339 pol 0.9195 rf 0.0722 acc 68.3% | 14 it/s
step 101700 | lr 1.48e-04 | loss 0.9276 pol 0.9145 rf 0.0657 acc 68.4% | 14 it/s
step 101800 | lr 1.48e-04 | loss 0.9188 pol 0.9061 rf 0.0633 acc 68.8% | 14 it/s
step 101900 | lr 1.48e-04 | loss 0.9285 pol 0.9152 rf 0.0666 acc 68.3% | 14 it/s
step 102000 | lr 1.48e-04 | loss 0.9312 pol 0.9178 rf 0.0668 acc 68.2% | 14 it/s
[eval] step 102000 val_loss 1.0621 val_acc 69.5%
step 102100 | lr 1.47e-04 | loss 0.9349 pol 0.9232 rf 0.0588 acc 68.5% | 14 it/s
step 102200 | lr 1.47e-04 | loss 0.9238 pol 0.9129 rf 0.0548 acc 68.6% | 14 it/s
step 102300 | lr 1.47e-04 | loss 0.9219 pol 0.9083 rf 0.0684 acc 69.5% | 14 it/s
step 102400 | lr 1.47e-04 | loss 0.9046 pol 0.8904 rf 0.0714 acc 69.9% | 14 it/s
step 102500 | lr 1.46e-04 | loss 0.9219 pol 0.9075 rf 0.0722 acc 70.5% | 14 it/s
step 102600 | lr 1.46e-04 | loss 0.8905 pol 0.8771 rf 0.0671 acc 70.7% | 14 it/s
step 102700 | lr 1.46e-04 | loss 0.8990 pol 0.8864 rf 0.0631 acc 70.3% | 14 it/s
step 102800 | lr 1.46e-04 | loss 0.8994 pol 0.8862 rf 0.0661 acc 70.2% | 14 it/s
step 102900 | lr 1.45e-04 | loss 0.8705 pol 0.8624 rf 0.0402 acc 71.7% | 14 it/s
step 103000 | lr 1.45e-04 | loss 0.8703 pol 0.8624 rf 0.0394 acc 71.4% | 14 it/s
step 103100 | lr 1.45e-04 | loss 0.9350 pol 0.9235 rf 0.0573 acc 69.0% | 14 it/s
step 103200 | lr 1.45e-04 | loss 0.9305 pol 0.9188 rf 0.0585 acc 69.3% | 14 it/s
step 103300 | lr 1.45e-04 | loss 0.9134 pol 0.9017 rf 0.0586 acc 69.5% | 14 it/s
step 103400 | lr 1.44e-04 | loss 0.9180 pol 0.9067 rf 0.0565 acc 69.2% | 14 it/s
step 103500 | lr 1.44e-04 | loss 0.9302 pol 0.9172 rf 0.0649 acc 68.4% | 14 it/s
step 103600 | lr 1.44e-04 | loss 0.9354 pol 0.9221 rf 0.0663 acc 68.3% | 14 it/s
step 103700 | lr 1.44e-04 | loss 0.9420 pol 0.9285 rf 0.0677 acc 68.0% | 14 it/s
step 103800 | lr 1.43e-04 | loss 0.9415 pol 0.9272 rf 0.0718 acc 68.0% | 14 it/s
step 103900 | lr 1.43e-04 | loss 0.9475 pol 0.9340 rf 0.0673 acc 67.4% | 14 it/s
step 104000 | lr 1.43e-04 | loss 0.9420 pol 0.9285 rf 0.0678 acc 68.3% | 14 it/s
[eval] step 104000 val_loss 0.9184 val_acc 70.1%
step 104100 | lr 1.43e-04 | loss 0.9008 pol 0.8904 rf 0.0519 acc 69.7% | 14 it/s
step 104200 | lr 1.42e-04 | loss 0.9138 pol 0.9023 rf 0.0573 acc 69.5% | 14 it/s
step 104300 | lr 1.42e-04 | loss 0.9301 pol 0.9160 rf 0.0705 acc 68.6% | 14 it/s
step 104400 | lr 1.42e-04 | loss 0.9343 pol 0.9205 rf 0.0691 acc 68.6% | 14 it/s
step 104500 | lr 1.42e-04 | loss 0.9488 pol 0.9348 rf 0.0700 acc 68.3% | 14 it/s
step 104600 | lr 1.41e-04 | loss 0.9360 pol 0.9227 rf 0.0668 acc 68.6% | 14 it/s
step 104700 | lr 1.41e-04 | loss 0.9407 pol 0.9265 rf 0.0712 acc 68.3% | 14 it/s
step 104800 | lr 1.41e-04 | loss 0.9121 pol 0.9002 rf 0.0592 acc 69.9% | 14 it/s
step 104900 | lr 1.41e-04 | loss 0.9217 pol 0.9098 rf 0.0594 acc 69.1% | 14 it/s
step 105000 | lr 1.40e-04 | loss 0.9217 pol 0.9087 rf 0.0650 acc 68.8% | 14 it/s
step 105100 | lr 1.40e-04 | loss 0.9239 pol 0.9105 rf 0.0668 acc 68.6% | 14 it/s
step 105200 | lr 1.40e-04 | loss 0.9264 pol 0.9124 rf 0.0699 acc 68.6% | 14 it/s
step 105300 | lr 1.40e-04 | loss 0.9411 pol 0.9278 rf 0.0666 acc 67.7% | 14 it/s
step 105400 | lr 1.40e-04 | loss 0.9393 pol 0.9254 rf 0.0694 acc 68.0% | 14 it/s
step 105500 | lr 1.39e-04 | loss 0.9266 pol 0.9136 rf 0.0649 acc 68.5% | 14 it/s
step 105600 | lr 1.39e-04 | loss 0.9288 pol 0.9163 rf 0.0629 acc 68.4% | 14 it/s
step 105700 | lr 1.39e-04 | loss 0.9384 pol 0.9270 rf 0.0568 acc 69.1% | 14 it/s
step 105800 | lr 1.39e-04 | loss 0.9295 pol 0.9193 rf 0.0514 acc 69.0% | 14 it/s
step 105900 | lr 1.38e-04 | loss 0.9387 pol 0.9271 rf 0.0580 acc 68.9% | 14 it/s
step 106000 | lr 1.38e-04 | loss 0.9394 pol 0.9280 rf 0.0573 acc 68.9% | 14 it/s
[eval] step 106000 val_loss 0.9451 val_acc 70.2%
step 106100 | lr 1.38e-04 | loss 0.9110 pol 0.9027 rf 0.0414 acc 69.1% | 14 it/s
step 106200 | lr 1.38e-04 | loss 0.9244 pol 0.9153 rf 0.0452 acc 68.7% | 14 it/s
step 106300 | lr 1.37e-04 | loss 0.9188 pol 0.9062 rf 0.0632 acc 68.9% | 14 it/s
step 106400 | lr 1.37e-04 | loss 0.9261 pol 0.9142 rf 0.0596 acc 68.7% | 14 it/s
step 106500 | lr 1.37e-04 | loss 0.9100 pol 0.9010 rf 0.0453 acc 68.9% | 14 it/s
step 106600 | lr 1.37e-04 | loss 0.9055 pol 0.8966 rf 0.0446 acc 69.4% | 14 it/s
step 106700 | lr 1.36e-04 | loss 0.8625 pol 0.8544 rf 0.0409 acc 72.0% | 14 it/s
step 106800 | lr 1.36e-04 | loss 0.8994 pol 0.8897 rf 0.0485 acc 70.4% | 14 it/s
step 106900 | lr 1.36e-04 | loss 0.9376 pol 0.9240 rf 0.0677 acc 67.9% | 14 it/s
step 107000 | lr 1.36e-04 | loss 0.9536 pol 0.9403 rf 0.0667 acc 68.0% | 14 it/s
step 107100 | lr 1.36e-04 | loss 0.9422 pol 0.9308 rf 0.0567 acc 68.8% | 14 it/s
step 107200 | lr 1.35e-04 | loss 0.9487 pol 0.9362 rf 0.0623 acc 68.6% | 14 it/s
step 107300 | lr 1.35e-04 | loss 0.9443 pol 0.9304 rf 0.0694 acc 68.7% | 14 it/s
step 107400 | lr 1.35e-04 | loss 0.9254 pol 0.9123 rf 0.0659 acc 69.3% | 14 it/s
step 107500 | lr 1.35e-04 | loss 0.9003 pol 0.8892 rf 0.0553 acc 69.8% | 14 it/s
step 107600 | lr 1.34e-04 | loss 0.9168 pol 0.9044 rf 0.0621 acc 69.4% | 14 it/s
step 107700 | lr 1.34e-04 | loss 0.9208 pol 0.9079 rf 0.0648 acc 68.8% | 14 it/s
step 107800 | lr 1.34e-04 | loss 0.9277 pol 0.9141 rf 0.0679 acc 68.6% | 14 it/s
step 107900 | lr 1.34e-04 | loss 0.9336 pol 0.9201 rf 0.0674 acc 68.3% | 14 it/s
step 108000 | lr 1.33e-04 | loss 0.9258 pol 0.9150 rf 0.0541 acc 68.7% | 14 it/s
[eval] step 108000 val_loss 0.9888 val_acc 69.5%
step 108100 | lr 1.33e-04 | loss 0.9141 pol 0.9053 rf 0.0442 acc 68.6% | 14 it/s
step 108200 | lr 1.33e-04 | loss 0.9055 pol 0.8965 rf 0.0450 acc 68.7% | 14 it/s
step 108300 | lr 1.33e-04 | loss 0.9057 pol 0.8972 rf 0.0428 acc 68.7% | 14 it/s
step 108400 | lr 1.32e-04 | loss 0.9023 pol 0.8911 rf 0.0559 acc 69.9% | 14 it/s
step 108500 | lr 1.32e-04 | loss 0.8888 pol 0.8766 rf 0.0607 acc 70.4% | 14 it/s
step 108600 | lr 1.32e-04 | loss 0.9342 pol 0.9225 rf 0.0586 acc 69.3% | 14 it/s
step 108700 | lr 1.32e-04 | loss 0.9399 pol 0.9291 rf 0.0541 acc 68.9% | 14 it/s
step 108800 | lr 1.31e-04 | loss 0.9388 pol 0.9263 rf 0.0624 acc 69.2% | 14 it/s
step 108900 | lr 1.31e-04 | loss 0.9416 pol 0.9292 rf 0.0620 acc 68.9% | 14 it/s
step 109000 | lr 1.31e-04 | loss 0.9333 pol 0.9220 rf 0.0567 acc 68.7% | 14 it/s
step 109100 | lr 1.31e-04 | loss 0.9270 pol 0.9151 rf 0.0591 acc 68.6% | 14 it/s
step 109200 | lr 1.31e-04 | loss 0.9268 pol 0.9138 rf 0.0651 acc 68.7% | 14 it/s
step 109300 | lr 1.30e-04 | loss 0.9220 pol 0.9094 rf 0.0633 acc 68.7% | 14 it/s
step 109400 | lr 1.30e-04 | loss 0.9667 pol 0.9540 rf 0.0636 acc 68.2% | 14 it/s
step 109500 | lr 1.30e-04 | loss 0.9480 pol 0.9366 rf 0.0572 acc 68.5% | 14 it/s
step 109600 | lr 1.30e-04 | loss 0.9375 pol 0.9243 rf 0.0660 acc 68.6% | 14 it/s
step 109700 | lr 1.29e-04 | loss 0.9193 pol 0.9060 rf 0.0664 acc 69.0% | 14 it/s
step 109800 | lr 1.29e-04 | loss 0.8894 pol 0.8811 rf 0.0418 acc 71.1% | 14 it/s
step 109900 | lr 1.29e-04 | loss 0.9369 pol 0.9255 rf 0.0572 acc 68.9% | 14 it/s
step 110000 | lr 1.29e-04 | loss 0.9367 pol 0.9248 rf 0.0592 acc 68.9% | 14 it/s
[eval] step 110000 val_loss 0.9379 val_acc 70.1%
step 110100 | lr 1.28e-04 | loss 0.9361 pol 0.9223 rf 0.0689 acc 68.3% | 14 it/s
step 110200 | lr 1.28e-04 | loss 0.9365 pol 0.9230 rf 0.0678 acc 68.1% | 14 it/s
step 110300 | lr 1.28e-04 | loss 0.9175 pol 0.9056 rf 0.0596 acc 68.7% | 14 it/s
step 110400 | lr 1.28e-04 | loss 0.9175 pol 0.9045 rf 0.0651 acc 69.0% | 14 it/s
step 110500 | lr 1.27e-04 | loss 0.8990 pol 0.8861 rf 0.0646 acc 70.3% | 14 it/s
step 110600 | lr 1.27e-04 | loss 0.9237 pol 0.9097 rf 0.0696 acc 70.0% | 14 it/s
step 110700 | lr 1.27e-04 | loss 0.9096 pol 0.8964 rf 0.0663 acc 70.0% | 14 it/s
step 110800 | lr 1.27e-04 | loss 0.9109 pol 0.8972 rf 0.0685 acc 70.0% | 14 it/s
step 110900 | lr 1.27e-04 | loss 0.9192 pol 0.9068 rf 0.0620 acc 69.4% | 14 it/s
step 111000 | lr 1.26e-04 | loss 0.9309 pol 0.9189 rf 0.0601 acc 69.2% | 14 it/s
step 111100 | lr 1.26e-04 | loss 0.9458 pol 0.9344 rf 0.0572 acc 68.6% | 14 it/s
step 111200 | lr 1.26e-04 | loss 0.9334 pol 0.9230 rf 0.0522 acc 68.5% | 14 it/s
step 111300 | lr 1.26e-04 | loss 0.9058 pol 0.8971 rf 0.0439 acc 68.9% | 14 it/s
step 111400 | lr 1.25e-04 | loss 0.9129 pol 0.9013 rf 0.0578 acc 69.4% | 14 it/s
step 111500 | lr 1.25e-04 | loss 0.9050 pol 0.8916 rf 0.0671 acc 70.0% | 14 it/s
step 111600 | lr 1.25e-04 | loss 0.9127 pol 0.9009 rf 0.0591 acc 70.4% | 14 it/s
step 111700 | lr 1.25e-04 | loss 0.8858 pol 0.8766 rf 0.0461 acc 70.9% | 14 it/s
step 111800 | lr 1.24e-04 | loss 0.9143 pol 0.9031 rf 0.0558 acc 69.5% | 14 it/s
step 111900 | lr 1.24e-04 | loss 0.9244 pol 0.9114 rf 0.0649 acc 68.8% | 14 it/s
step 112000 | lr 1.24e-04 | loss 0.9309 pol 0.9178 rf 0.0654 acc 68.3% | 14 it/s
[eval] step 112000 val_loss 1.0533 val_acc 69.5%
step 112100 | lr 1.24e-04 | loss 0.9376 pol 0.9240 rf 0.0679 acc 67.7% | 14 it/s
step 112200 | lr 1.23e-04 | loss 0.9284 pol 0.9161 rf 0.0616 acc 69.1% | 14 it/s
step 112300 | lr 1.23e-04 | loss 0.8990 pol 0.8883 rf 0.0533 acc 69.8% | 14 it/s
step 112400 | lr 1.23e-04 | loss 0.9366 pol 0.9233 rf 0.0667 acc 68.4% | 14 it/s
step 112500 | lr 1.23e-04 | loss 0.9406 pol 0.9270 rf 0.0678 acc 68.0% | 14 it/s
step 112600 | lr 1.23e-04 | loss 0.9291 pol 0.9161 rf 0.0648 acc 68.4% | 14 it/s
step 112700 | lr 1.22e-04 | loss 0.9239 pol 0.9107 rf 0.0659 acc 68.6% | 14 it/s
step 112800 | lr 1.22e-04 | loss 0.9262 pol 0.9143 rf 0.0591 acc 69.3% | 14 it/s
step 112900 | lr 1.22e-04 | loss 0.9046 pol 0.8942 rf 0.0517 acc 69.6% | 14 it/s
step 113000 | lr 1.22e-04 | loss 0.9361 pol 0.9251 rf 0.0549 acc 68.8% | 14 it/s
step 113100 | lr 1.21e-04 | loss 0.9416 pol 0.9300 rf 0.0579 acc 68.8% | 14 it/s
step 113200 | lr 1.21e-04 | loss 0.9233 pol 0.9114 rf 0.0595 acc 69.3% | 14 it/s
step 113300 | lr 1.21e-04 | loss 0.9236 pol 0.9115 rf 0.0605 acc 69.3% | 14 it/s
step 113400 | lr 1.21e-04 | loss 0.9171 pol 0.9036 rf 0.0677 acc 69.8% | 14 it/s
step 113500 | lr 1.20e-04 | loss 0.9089 pol 0.8951 rf 0.0691 acc 70.0% | 14 it/s
step 113600 | lr 1.20e-04 | loss 0.9342 pol 0.9209 rf 0.0664 acc 68.2% | 14 it/s
step 113700 | lr 1.20e-04 | loss 0.9311 pol 0.9176 rf 0.0672 acc 68.2% | 14 it/s
step 113800 | lr 1.20e-04 | loss 0.9407 pol 0.9266 rf 0.0705 acc 67.8% | 14 it/s
step 113900 | lr 1.20e-04 | loss 0.9410 pol 0.9274 rf 0.0680 acc 67.8% | 14 it/s
step 114000 | lr 1.19e-04 | loss 0.9135 pol 0.9010 rf 0.0622 acc 69.1% | 14 it/s
[eval] step 114000 val_loss 1.0627 val_acc 69.5%
step 114100 | lr 1.19e-04 | loss 0.9173 pol 0.9046 rf 0.0634 acc 68.7% | 14 it/s
step 114200 | lr 1.19e-04 | loss 0.9398 pol 0.9262 rf 0.0678 acc 67.8% | 14 it/s
step 114300 | lr 1.19e-04 | loss 0.9336 pol 0.9203 rf 0.0662 acc 68.3% | 14 it/s
step 114400 | lr 1.18e-04 | loss 0.9087 pol 0.8955 rf 0.0658 acc 69.8% | 14 it/s
step 114500 | lr 1.18e-04 | loss 0.9097 pol 0.8962 rf 0.0677 acc 70.0% | 14 it/s
step 114600 | lr 1.18e-04 | loss 0.9437 pol 0.9297 rf 0.0698 acc 68.6% | 14 it/s
step 114700 | lr 1.18e-04 | loss 0.9371 pol 0.9232 rf 0.0694 acc 68.6% | 14 it/s
step 114800 | lr 1.17e-04 | loss 0.9217 pol 0.9097 rf 0.0601 acc 69.1% | 14 it/s
step 114900 | lr 1.17e-04 | loss 0.9293 pol 0.9164 rf 0.0644 acc 68.9% | 14 it/s
step 115000 | lr 1.17e-04 | loss 0.9258 pol 0.9133 rf 0.0625 acc 68.5% | 14 it/s
step 115100 | lr 1.17e-04 | loss 0.9316 pol 0.9184 rf 0.0659 acc 68.2% | 14 it/s
step 115200 | lr 1.16e-04 | loss 0.9410 pol 0.9274 rf 0.0681 acc 67.9% | 14 it/s
step 115300 | lr 1.16e-04 | loss 0.9320 pol 0.9191 rf 0.0645 acc 68.8% | 14 it/s
step 115400 | lr 1.16e-04 | loss 0.9054 pol 0.8947 rf 0.0537 acc 69.6% | 14 it/s
step 115500 | lr 1.16e-04 | loss 0.8987 pol 0.8869 rf 0.0591 acc 69.9% | 14 it/s
step 115600 | lr 1.16e-04 | loss 0.8976 pol 0.8843 rf 0.0665 acc 70.3% | 14 it/s
step 115700 | lr 1.15e-04 | loss 0.9245 pol 0.9119 rf 0.0631 acc 69.6% | 14 it/s
step 115800 | lr 1.15e-04 | loss 0.9339 pol 0.9225 rf 0.0573 acc 69.1% | 14 it/s
step 115900 | lr 1.15e-04 | loss 0.9314 pol 0.9189 rf 0.0624 acc 69.0% | 14 it/s
step 116000 | lr 1.15e-04 | loss 0.9360 pol 0.9230 rf 0.0651 acc 68.2% | 14 it/s
[eval] step 116000 val_loss 1.0389 val_acc 69.6%
step 116100 | lr 1.14e-04 | loss 0.9118 pol 0.9008 rf 0.0550 acc 69.8% | 14 it/s
step 116200 | lr 1.14e-04 | loss 0.8892 pol 0.8800 rf 0.0464 acc 71.2% | 14 it/s
step 116300 | lr 1.14e-04 | loss 0.9120 pol 0.9003 rf 0.0584 acc 69.6% | 14 it/s
step 116400 | lr 1.14e-04 | loss 0.9209 pol 0.9086 rf 0.0616 acc 68.5% | 14 it/s
step 116500 | lr 1.13e-04 | loss 0.9282 pol 0.9162 rf 0.0602 acc 68.7% | 14 it/s
step 116600 | lr 1.13e-04 | loss 0.9236 pol 0.9127 rf 0.0546 acc 68.6% | 14 it/s
step 116700 | lr 1.13e-04 | loss 0.9279 pol 0.9153 rf 0.0631 acc 68.7% | 14 it/s
step 116800 | lr 1.13e-04 | loss 0.9170 pol 0.9044 rf 0.0629 acc 68.8% | 14 it/s
step 116900 | lr 1.13e-04 | loss 0.9302 pol 0.9167 rf 0.0674 acc 69.8% | 14 it/s
step 117000 | lr 1.12e-04 | loss 0.9168 pol 0.9034 rf 0.0670 acc 69.8% | 14 it/s
step 117100 | lr 1.12e-04 | loss 0.9386 pol 0.9254 rf 0.0661 acc 68.5% | 14 it/s
step 117200 | lr 1.12e-04 | loss 0.9314 pol 0.9184 rf 0.0647 acc 68.3% | 14 it/s
step 117300 | lr 1.12e-04 | loss 0.9199 pol 0.9070 rf 0.0644 acc 68.8% | 14 it/s
step 117400 | lr 1.11e-04 | loss 0.9219 pol 0.9091 rf 0.0642 acc 68.5% | 14 it/s
step 117500 | lr 1.11e-04 | loss 0.9390 pol 0.9251 rf 0.0694 acc 68.6% | 14 it/s
step 117600 | lr 1.11e-04 | loss 0.9428 pol 0.9286 rf 0.0706 acc 68.6% | 14 it/s
step 117700 | lr 1.11e-04 | loss 0.9287 pol 0.9152 rf 0.0674 acc 68.5% | 14 it/s
step 117800 | lr 1.10e-04 | loss 0.9277 pol 0.9148 rf 0.0645 acc 68.4% | 14 it/s
step 117900 | lr 1.10e-04 | loss 0.9287 pol 0.9166 rf 0.0605 acc 69.2% | 14 it/s
step 118000 | lr 1.10e-04 | loss 0.9247 pol 0.9126 rf 0.0607 acc 69.3% | 14 it/s
[eval] step 118000 val_loss 0.9241 val_acc 70.1%
step 118100 | lr 1.10e-04 | loss 0.9076 pol 0.8966 rf 0.0548 acc 69.4% | 14 it/s
step 118200 | lr 1.10e-04 | loss 0.9117 pol 0.9008 rf 0.0547 acc 69.3% | 14 it/s
step 118300 | lr 1.09e-04 | loss 0.9418 pol 0.9278 rf 0.0703 acc 68.6% | 14 it/s
step 118400 | lr 1.09e-04 | loss 0.9323 pol 0.9192 rf 0.0655 acc 68.9% | 14 it/s
step 118500 | lr 1.09e-04 | loss 0.9023 pol 0.8896 rf 0.0637 acc 70.0% | 14 it/s
step 118600 | lr 1.09e-04 | loss 0.8978 pol 0.8850 rf 0.0639 acc 69.9% | 14 it/s
step 118700 | lr 1.08e-04 | loss 0.9309 pol 0.9179 rf 0.0648 acc 68.3% | 14 it/s
step 118800 | lr 1.08e-04 | loss 0.9394 pol 0.9257 rf 0.0683 acc 68.9% | 14 it/s
step 118900 | lr 1.08e-04 | loss 0.9093 pol 0.8966 rf 0.0634 acc 69.9% | 14 it/s
step 119000 | lr 1.08e-04 | loss 0.9180 pol 0.9053 rf 0.0635 acc 69.8% | 14 it/s
step 119100 | lr 1.08e-04 | loss 0.9327 pol 0.9212 rf 0.0575 acc 68.9% | 14 it/s
step 119200 | lr 1.07e-04 | loss 0.9264 pol 0.9148 rf 0.0582 acc 69.1% | 14 it/s
step 119300 | lr 1.07e-04 | loss 0.9128 pol 0.9007 rf 0.0603 acc 69.7% | 14 it/s
step 119400 | lr 1.07e-04 | loss 0.9239 pol 0.9122 rf 0.0585 acc 69.2% | 14 it/s
step 119500 | lr 1.07e-04 | loss 0.9294 pol 0.9182 rf 0.0559 acc 69.1% | 14 it/s
step 119600 | lr 1.06e-04 | loss 0.9314 pol 0.9194 rf 0.0600 acc 69.2% | 14 it/s
step 119700 | lr 1.06e-04 | loss 0.9088 pol 0.8948 rf 0.0699 acc 70.2% | 14 it/s
step 119800 | lr 1.06e-04 | loss 0.9220 pol 0.9096 rf 0.0621 acc 69.9% | 14 it/s
step 119900 | lr 1.06e-04 | loss 0.9352 pol 0.9239 rf 0.0567 acc 69.1% | 14 it/s
step 120000 | lr 1.05e-04 | loss 0.9209 pol 0.9098 rf 0.0555 acc 69.9% | 14 it/s
[eval] step 120000 val_loss 0.9355 val_acc 70.3%
step 120100 | lr 1.05e-04 | loss 0.9032 pol 0.8924 rf 0.0544 acc 70.7% | 14 it/s
step 120200 | lr 1.05e-04 | loss 0.9270 pol 0.9147 rf 0.0614 acc 69.0% | 14 it/s
step 120300 | lr 1.05e-04 | loss 0.9401 pol 0.9261 rf 0.0700 acc 67.9% | 14 it/s
step 120400 | lr 1.05e-04 | loss 0.9272 pol 0.9149 rf 0.0616 acc 69.3% | 14 it/s
step 120500 | lr 1.04e-04 | loss 0.9153 pol 0.9035 rf 0.0590 acc 69.5% | 14 it/s
step 120600 | lr 1.04e-04 | loss 0.9173 pol 0.9059 rf 0.0571 acc 69.5% | 14 it/s
step 120700 | lr 1.04e-04 | loss 0.9150 pol 0.9039 rf 0.0558 acc 69.5% | 14 it/s
step 120800 | lr 1.04e-04 | loss 0.9148 pol 0.9026 rf 0.0611 acc 70.2% | 14 it/s
step 120900 | lr 1.03e-04 | loss 0.9050 pol 0.8941 rf 0.0546 acc 70.7% | 14 it/s
step 121000 | lr 1.03e-04 | loss 0.9106 pol 0.8995 rf 0.0553 acc 69.8% | 14 it/s
step 121100 | lr 1.03e-04 | loss 0.9040 pol 0.8928 rf 0.0564 acc 69.6% | 14 it/s
step 121200 | lr 1.03e-04 | loss 0.9374 pol 0.9247 rf 0.0632 acc 68.2% | 14 it/s
step 121300 | lr 1.03e-04 | loss 0.9397 pol 0.9261 rf 0.0677 acc 67.6% | 14 it/s
step 121400 | lr 1.02e-04 | loss 0.9296 pol 0.9167 rf 0.0644 acc 69.3% | 14 it/s
step 121500 | lr 1.02e-04 | loss 0.9114 pol 0.8993 rf 0.0604 acc 69.6% | 14 it/s
step 121600 | lr 1.02e-04 | loss 0.9047 pol 0.8932 rf 0.0578 acc 70.0% | 14 it/s
step 121700 | lr 1.02e-04 | loss 0.9099 pol 0.8973 rf 0.0633 acc 69.7% | 14 it/s
step 121800 | lr 1.01e-04 | loss 0.9041 pol 0.8935 rf 0.0534 acc 69.4% | 14 it/s
step 121900 | lr 1.01e-04 | loss 0.9016 pol 0.8910 rf 0.0526 acc 69.6% | 14 it/s
step 122000 | lr 1.01e-04 | loss 0.8952 pol 0.8812 rf 0.0697 acc 70.5% | 14 it/s
[eval] step 122000 val_loss 0.9028 val_acc 70.3%
  -> saved best (0.9028)
step 122100 | lr 1.01e-04 | loss 0.8975 pol 0.8843 rf 0.0656 acc 70.3% | 14 it/s
step 122200 | lr 1.00e-04 | loss 0.8930 pol 0.8801 rf 0.0646 acc 70.3% | 14 it/s
step 122300 | lr 1.00e-04 | loss 0.8905 pol 0.8780 rf 0.0629 acc 70.7% | 14 it/s
step 122400 | lr 1.00e-04 | loss 0.8846 pol 0.8755 rf 0.0457 acc 71.0% | 14 it/s
step 122500 | lr 9.98e-05 | loss 0.8857 pol 0.8764 rf 0.0462 acc 70.9% | 14 it/s
step 122600 | lr 9.96e-05 | loss 0.8878 pol 0.8787 rf 0.0453 acc 70.6% | 14 it/s
step 122700 | lr 9.94e-05 | loss 0.9255 pol 0.9136 rf 0.0594 acc 69.1% | 14 it/s
step 122800 | lr 9.91e-05 | loss 0.9133 pol 0.9012 rf 0.0608 acc 69.0% | 14 it/s
step 122900 | lr 9.89e-05 | loss 0.9191 pol 0.9066 rf 0.0626 acc 68.7% | 14 it/s
step 123000 | lr 9.87e-05 | loss 0.9242 pol 0.9113 rf 0.0646 acc 68.6% | 14 it/s
step 123100 | lr 9.85e-05 | loss 0.9114 pol 0.8981 rf 0.0662 acc 69.9% | 14 it/s
step 123200 | lr 9.82e-05 | loss 0.9008 pol 0.8876 rf 0.0662 acc 70.0% | 14 it/s
step 123300 | lr 9.80e-05 | loss 0.9217 pol 0.9084 rf 0.0662 acc 68.9% | 14 it/s
step 123400 | lr 9.78e-05 | loss 0.9230 pol 0.9098 rf 0.0660 acc 68.7% | 14 it/s
step 123500 | lr 9.76e-05 | loss 0.9240 pol 0.9116 rf 0.0622 acc 70.0% | 14 it/s
step 123600 | lr 9.74e-05 | loss 0.8937 pol 0.8824 rf 0.0566 acc 70.2% | 14 it/s
